0,Civil in step guess pattern,339.53,4,True
1,If one may,480.28,7,True
2,Act range,243.67,0,False
3,Front sit your work,324.91,9,True
4,Several test morning,31.08,4,True
5,Thousand season program,48.73,3,True
6,Field eight,261.77,0,False
7,Say project,43.54,2,True
8,Seat traditional goal deal western,242.99,9,True
9,The mission,439.65,7,True
10,Leader hear cause,156.62,8,True
11,Too design,422.58,9,True
12,Situation star although,402.00,8,True
13,Movement hand since,45.67,1,True
14,Reflect win while,198.47,3,True
15,Important current,390.18,3,True
16,Pass federal church strong,141.38,6,True
17,Draw ten reflect including,321.17,6,True
18,Sell statement deal,429.05,5,True
19,Together painting value alone,96.62,2,True
20,Relationship no,107.47,7,True
21,Direction campaign Congress push,268.78,2,True
22,Out I,31.25,10,True
23,Him local sing money buy,237.06,5,True
24,Take machine them career,354.78,5,True
25,Force art culture protect,375.00,1,True
26,Significant debate front free,244.71,6,True
27,Court hot audience machine admit,100.00,3,True
28,Final might before,387.76,6,True
29,Community two back better,305.12,1,True
30,Hotel ever seek,324.64,9,True
31,Mission score stay question,330.12,10,True
32,Side after art tell,206.44,0,False
33,Not you work each,377.23,8,True
34,Past stage reach story case,138.23,1,True
35,Cause especially like,332.01,2,True
36,Go east trip,131.23,9,True
37,Just within,455.74,1,True
38,President heart follow game good,162.24,8,True
39,Product majority rest,100.06,0,False
40,Tend ground them,319.95,9,True
41,Third fight himself suddenly,464.03,2,True
42,Event trouble image wind party,135.02,5,True
43,Nor range,421.66,5,True
44,Development section medical effect mention,161.90,8,True
45,Performance gas wind,415.50,5,True
46,Her fly professional identify stand,331.68,1,True
47,Suddenly game least,443.18,8,True
48,Nation bar defense brother,166.70,0,False
49,Meet a growth bill,124.49,10,True
50,Enough accept stay,275.72,10,True
51,Term try wait,394.77,0,False
52,Hold leave provide story factor,64.49,0,False
53,Direction service ask,47.86,4,True
54,Front relate,219.14,1,True
55,Bill situation war,485.68,5,True
56,Moment price,400.86,4,True
57,Matter ever stock,108.78,7,True
58,Audience generation set,300.39,10,True
59,Tough adult possible,401.59,9,True
60,Your participant sit I cause,187.97,8,True
61,Civil avoid material line other,130.22,0,False
62,Enough American over road,406.44,8,True
63,Sure statement number PM,249.99,1,True
64,Tend any home,133.44,8,True
65,Fund cell change rock before,465.44,6,True
66,Teacher once,430.49,8,True
67,Use education too,288.07,1,True
68,List fire develop,402.56,2,True
69,Personal network nature cost,359.16,7,True
70,Newspaper up year particular,257.97,0,False
71,Clearly relate fire,254.50,9,True
72,Idea opportunity fish civil point,83.74,2,True
73,Simple between say statement,422.79,3,True
74,Police identify carry minute parent,269.13,6,True
75,Factor kind probably sound,327.40,6,True
76,Blood whose marriage kid,390.27,2,True
77,Woman strategy,321.44,2,True
78,Middle once news develop news,240.81,2,True
79,Work more,149.64,1,True
80,Man interview,455.91,4,True
81,Amount national war sense,296.67,5,True
82,Institution name perform themselves,36.11,3,True
83,Democratic political population,335.68,2,True
84,If during because share actually,157.51,7,True
85,Certain thus,186.97,9,True
86,Fill him protect,215.84,7,True
87,Food sure vote economic,176.40,9,True
88,Office score four,167.95,8,True
89,Central then prepare fight,100.03,8,True
90,Determine action who special,149.78,0,False
91,Would wind,263.42,5,True
92,Skill middle theory ok,143.02,2,True
93,Someone west,447.70,5,True
94,Soldier run,489.18,5,True
95,Oil popular order join future,382.50,10,True
96,Leg bring accept employee,58.45,1,True
97,Voice threat house her,273.79,0,False
98,In politics trouble,176.04,0,False
99,City condition who lead who,247.83,5,True
100,Present guy community,18.89,7,True
101,Environmental create health particular,270.14,3,True
102,Summer color information south,190.78,7,True
103,Often image crime,287.84,4,True
104,Point fine over red,439.91,9,True
105,Rest sound help day,353.26,7,True
106,Meet news economic make,365.94,7,True
107,Seven card safe,395.40,2,True
108,Wish raise,363.64,6,True
109,Heart that American,239.47,10,True
110,Surface TV it,33.53,7,True
111,Eat indicate part,229.73,9,True
112,Writer reach risk painting,65.44,4,True
113,Leave military daughter be cause,59.21,5,True
114,Region until American need outside,493.86,6,True
115,Environmental time option,0.84,10,True
116,Team better court name,21.49,9,True
117,Early surface between,410.71,3,True
118,Pretty second mind,420.82,2,True
119,Send affect economy be,231.37,4,True
120,American several theory people,100.77,0,False
121,Beat still politics,463.52,5,True
122,Beyond drop,42.80,2,True
123,Mouth dog magazine,312.77,1,True
124,North discuss respond today,263.48,7,True
125,Not prepare,209.10,5,True
126,Nation arm their,190.23,1,True
127,Grow story alone,169.70,3,True
128,Difference become push ball better,478.41,7,True
129,Physical identify garden piece,395.16,7,True
130,Myself carry,175.04,7,True
131,Particularly ground source dream,297.79,0,False
132,Detail spring away thing bed,91.53,7,True
133,This purpose wrong,343.78,1,True
134,Manage player,8.19,10,True
135,Small long,99.55,2,True
136,Daughter nice,366.02,3,True
137,Where Mrs,2.25,6,True
138,Southern size run reason act,236.66,6,True
139,Site should keep,373.22,7,True
140,Avoid less food,428.49,1,True
141,Consider treat road science,159.22,6,True
142,Environment president station visit indeed,378.93,1,True
143,Until across must father,199.72,7,True
144,Green understand media each,463.46,3,True
145,Film these issue,142.36,2,True
146,Drug partner,104.71,8,True
147,Today matter partner necessary,445.05,0,False
148,Beyond such offer much charge,291.84,10,True
149,Size center pretty,132.78,9,True
150,Family challenge effort natural,213.26,3,True
151,Meet career,140.75,5,True
152,Enough walk despite,415.95,0,False
153,Owner avoid especially writer air,193.53,7,True
154,Hear remember similar rise employee,276.37,10,True
155,Officer about student half,63.48,5,True
156,Marriage look hand somebody citizen,202.75,3,True
157,Yes cause,464.25,4,True
158,Let reveal difficult,31.66,2,True
159,Out whom free,403.84,9,True
160,Low plan education,492.50,6,True
161,Visit article,36.59,3,True
162,With style kind win,375.58,10,True
163,Week along change determine,385.09,0,False
164,Mrs usually,456.69,5,True
165,Gun describe,280.09,9,True
166,Smile serious final,113.62,10,True
167,Set unit gas,320.06,0,False
168,First Mr another travel,8.23,8,True
169,Drop quickly,283.70,8,True
170,Arrive kind by,476.96,0,False
171,Laugh door list,499.85,5,True
172,Involve of service drive attack,375.48,7,True
173,Product eye remain ten,309.33,0,False
174,Spring different level,45.50,5,True
175,Market research,230.84,7,True
176,Ever quality,103.22,9,True
177,Effect message west take black,208.48,8,True
178,Sign politics,135.33,6,True
179,Large important word effect,401.13,2,True
180,Most new oil special success,162.23,6,True
181,Require along speech food seat,6.03,0,False
182,Hand avoid suffer,110.82,9,True
183,Type get myself industry billion,478.63,2,True
184,Own grow computer long,3.00,4,True
185,Moment natural computer,201.77,7,True
186,Support data happen try gun,279.55,8,True
187,Trial water exist,309.12,0,False
188,Sell hope,332.82,6,True
189,Yes responsibility heavy,446.67,10,True
190,Quickly foot,419.31,5,True
191,Former opportunity article alone kid,209.63,4,True
192,Others beautiful adult,130.11,1,True
193,Mother section officer,117.21,7,True
194,Should think stay special,47.19,1,True
195,What someone,196.62,6,True
196,Floor very mother,363.24,4,True
197,Raise staff why college,257.75,4,True
198,Bit hope service,437.44,1,True
199,Hear or work,346.96,5,True
200,Able where,355.94,0,False
201,Authority prepare yes,57.72,4,True
202,Apply spring blood response,192.26,8,True
203,Unit charge lead music,383.15,8,True
204,Million both decision,374.95,5,True
205,Out recent federal,212.05,3,True
206,Available song television conference staff,117.58,7,True
207,Hotel thank,109.74,6,True
208,Truth become build,206.95,3,True
209,Address guy month,289.03,6,True
210,Case case,38.57,5,True
211,Whose worry close,362.87,4,True
212,Take reach,164.91,4,True
213,Water nature boy reach,122.24,6,True
214,Understand others baby dream,149.91,6,True
215,Important social artist,200.35,0,False
216,Bill both after analysis,492.49,8,True
217,No century behind successful of,495.52,3,True
218,Door sit authority,337.94,3,True
219,Tough task much,360.44,10,True
220,Action home order indicate force,77.00,3,True
221,I within candidate,434.99,7,True
222,Professional positive must,22.53,5,True
223,Theory increase concern,334.30,5,True
224,Push first crime onto,419.48,1,True
225,Show take no pick,126.95,4,True
226,Song onto,185.41,8,True
227,Wonder important school kind,93.44,1,True
228,Half gun some,19.41,8,True
229,Hear edge,322.03,1,True
230,Career whatever ten,150.09,8,True
231,Organization want,61.08,8,True
232,Other candidate tough,352.12,1,True
233,Sense stock story,179.17,4,True
234,Listen require each tend serve,150.27,5,True
235,Him force wall,304.18,4,True
236,Fight worry cell,166.19,8,True
237,Tell blue,172.78,1,True
238,Project family always,7.03,1,True
239,Else fish thousand,69.83,10,True
240,Ready politics order indeed group,292.60,1,True
241,Really table today yet,53.39,7,True
242,Coach owner nothing,97.17,2,True
243,Up behavior threat hand social,406.58,7,True
244,Our garden family relate,255.75,0,False
245,Year affect reveal,40.30,4,True
246,Wish different age indeed,43.75,8,True
247,Week enjoy best,195.85,6,True
248,Language address social,83.45,7,True
249,Deep goal sing,75.83,7,True
250,Management continue force,351.01,2,True
251,Stand baby just,273.30,6,True
252,Language Mrs raise,54.54,4,True
253,Official up material country continue,15.55,1,True
254,Or box citizen former,153.67,1,True
255,Career including control reason amount,156.98,3,True
256,Top just mind,272.99,1,True
257,Walk actually continue number imagine,66.57,6,True
258,Meet small road wind,343.93,10,True
259,Low even investment cultural,368.82,1,True
260,Glass base,355.50,6,True
261,Gas sort manage,161.64,2,True
262,Family rich act,66.07,2,True
263,Ever idea edge response cultural,246.81,5,True
264,Air senior challenge,139.28,8,True
265,Produce if prove but strong,225.52,10,True
266,Because account final discover,430.87,10,True
267,Congress help cut,455.92,9,True
268,Wish travel admit allow reduce,141.35,4,True
269,Will cup base feel Mrs,342.02,10,True
270,Red month truth follow,312.69,1,True
271,Machine network value require,321.72,7,True
272,Officer down single southern name,280.06,9,True
273,Argue page,209.61,3,True
274,Follow join,302.26,7,True
275,Statement number everyone peace can,145.24,0,False
276,Yourself near receive,191.86,0,False
277,Huge wall house,196.38,0,False
278,Director herself true,88.41,3,True
279,Article husband including down head,83.62,8,True
280,Republican simply,459.61,8,True
281,Light after table condition,224.26,7,True
282,Interview together article,238.21,3,True
283,Young capital off tough,114.52,7,True
284,Practice month audience,224.54,6,True
285,Cell writer avoid,9.33,3,True
286,Be certainly property mean,27.36,0,False
287,Significant international,304.08,6,True
288,New and rich attack serve,98.08,6,True
289,Oil official station those fish,360.49,10,True
290,Make few,241.91,0,False
291,That about executive,90.84,4,True
292,Next believe rather,97.81,3,True
293,The station time member,87.12,2,True
294,Near nature culture which,487.61,3,True
295,At care share,399.07,6,True
296,Television money student,281.79,10,True
297,However effect from program,370.91,1,True
298,Strategy success list campaign happen,489.52,4,True
299,Conference tonight fight study,267.39,8,True
300,Live student plan,21.90,3,True
301,On everybody author,373.81,9,True
302,Security reason every focus,84.22,6,True
303,Upon action challenge protect,366.45,6,True
304,Guy as,292.74,5,True
305,Garden leave world science reflect,381.87,9,True
306,Study car rule her newspaper,439.93,10,True
307,When institution agency which,209.18,9,True
308,Story six degree,100.16,9,True
309,Always share man full,137.42,10,True
310,Western ability woman head,142.53,10,True
311,Discussion determine reflect onto prepare,453.75,0,False
312,Stage report hear contain,192.77,9,True
313,Speak school night,217.42,4,True
314,Wish peace know draw,50.57,2,True
315,Push control,408.94,0,False
316,Door bar save,245.78,1,True
317,Once ahead team worry big,212.61,6,True
318,Give own note along play,100.85,10,True
319,Ability picture manager product shake,14.00,1,True
320,Population leave speak,48.99,6,True
321,Usually site while,426.93,7,True
322,Yes hard clear,450.59,0,False
323,His performance watch sign,444.74,1,True
324,Occur surface,225.20,9,True
325,By it,175.15,5,True
326,Market voice art by,497.22,7,True
327,Management music,305.80,0,False
328,Recent rise use,56.15,8,True
329,Discover easy agent professor show,464.05,10,True
330,Force course box campaign difference,436.06,10,True
331,Myself big capital product open,422.61,2,True
332,Condition maintain strategy career,478.05,2,True
333,Girl sure fund,136.74,6,True
334,Position fish admit,336.60,4,True
335,Quite crime administration,250.98,4,True
336,Account have south thank,331.71,3,True
337,Cover since various computer,130.12,4,True
338,Nice care scene,233.52,6,True
339,Use still successful south,372.11,6,True
340,Film marriage write in,206.60,6,True
341,Allow example model,463.40,4,True
342,Majority past camera almost,361.13,6,True
343,Able discuss beyond,197.53,4,True
344,Single address,147.71,0,False
345,Star member,136.19,3,True
346,Down sit base,453.28,7,True
347,Age series,387.45,6,True
348,Possible theory let pattern,311.00,3,True
349,Design whether available everyone,405.14,9,True
350,Town question religious,194.31,1,True
351,Apply staff from race,427.16,9,True
352,Drop recent,336.11,4,True
353,Direction job,441.81,9,True
354,Sure skill poor list,471.09,10,True
355,Popular scientist any turn,55.21,7,True
356,Significant energy reduce find,43.12,7,True
357,Face clearly,444.81,2,True
358,Charge recognize home create,249.47,9,True
359,Bit set special ago impact,137.32,5,True
360,Special night debate say professional,500.44,0,False
361,Maybe quite image,46.77,10,True
362,Memory pay,18.49,0,False
363,Until thousand member in best,426.27,10,True
364,Simply somebody along could,70.71,4,True
365,Just control local even environmental,380.83,6,True
366,Pick very,413.65,6,True
367,Partner better turn factor,112.56,9,True
368,Daughter country cut,136.55,4,True
369,Name down of perform something,339.97,10,True
370,Easy popular away war,470.51,2,True
371,All key develop suddenly,276.91,10,True
372,Red accept popular,241.27,8,True
373,Read reduce his science good,250.10,0,False
374,They smile budget middle,65.38,10,True
375,One region,338.85,8,True
376,Season weight former exactly trial,300.08,8,True
377,Simple model off official,37.13,7,True
378,Want degree seek best,262.48,8,True
379,Couple occur to such true,136.50,7,True
380,Item never,130.95,3,True
381,Wide child half,324.62,10,True
382,She trade federal answer,226.41,5,True
383,During admit card author interview,374.24,1,True
384,Offer employee get sound,447.49,10,True
385,Nothing successful,76.12,0,False
386,Again dinner somebody remember,450.94,5,True
387,Its tax force order,117.08,4,True
388,Sense threat about,417.97,5,True
389,Purpose case well,453.15,8,True
390,Wonder senior child image among,339.74,4,True
391,Board data newspaper I,496.82,2,True
392,Too sell hear party sure,268.97,6,True
393,Situation full north,209.04,4,True
394,Lawyer indeed response doctor watch,383.31,6,True
395,Today north throughout,243.94,3,True
396,Finally turn mean,332.99,3,True
397,Safe feeling,306.62,8,True
398,Nearly way great,0.94,2,True
399,Source professor behavior environmental,221.76,7,True
400,Police important,7.93,5,True
401,Learn expect,170.59,6,True
402,Add half up trip,166.77,4,True
403,Team number wife as from,412.01,3,True
404,Include join mission care,389.17,1,True
405,Really effect culture glass executive,210.68,1,True
406,Study image education career,95.12,3,True
407,Whose although beyond,209.36,9,True
408,Skin single at right together,84.84,0,False
409,Past contain investment expert,408.49,6,True
410,Bar exist sure late,367.36,7,True
411,Whether operation necessary some color,423.01,6,True
412,Three prepare,116.87,0,False
413,Listen prevent point glass,322.74,9,True
414,Since population develop amount,272.78,5,True
415,Teach class,161.17,9,True
416,Join result project possible line,35.54,4,True
417,Any name measure among,261.36,9,True
418,Still rest raise,288.17,4,True
419,Risk expert key,254.38,0,False
420,Business community any eat,19.25,6,True
421,Baby degree within,263.77,8,True
422,Past if race,463.94,1,True
423,Turn it draw,159.72,0,False
424,With try,347.74,7,True
425,Pass arm couple building,23.19,5,True
426,Create with teacher establish,491.13,2,True
427,Brother spend ahead action,495.76,1,True
428,Say event number,244.40,2,True
429,Billion past deep network,95.16,9,True
430,Central explain say,30.24,3,True
431,High poor energy,285.28,0,False
432,Card culture help,296.58,1,True
433,Body relationship next analysis,212.30,1,True
434,Newspaper candidate,280.55,7,True
435,Nice stock success,169.51,9,True
436,Could girl improve decade,410.83,5,True
437,Hundred country how down final,7.07,6,True
438,Level rule stuff police people,96.28,1,True
439,Wait movie adult,433.09,0,False
440,Financial wall beyond,118.59,0,False
441,Minute question few,298.98,10,True
442,Eight ahead stock,191.57,0,False
443,Art poor,168.12,8,True
444,Matter hope evening herself,489.72,0,False
445,Career hotel environment prepare,438.38,8,True
446,The particular history,482.94,1,True
447,Wonder art station line despite,230.69,2,True
448,Write certain wide give front,253.61,3,True
449,Player old,468.53,10,True
450,Summer air hundred,83.27,9,True
451,Authority house never agent meet,156.37,8,True
452,Lose physical administration culture generation,28.23,8,True
453,Protect style others response fly,469.64,10,True
454,Game quite own key,285.26,10,True
455,Allow half indicate present,331.99,3,True
456,Political natural road,230.38,8,True
457,Name situation west remain,404.36,5,True
458,Table lay,493.54,8,True
459,Wife attack,262.22,1,True
460,Hot role me,42.41,1,True
461,Old clearly,7.16,2,True
462,Factor describe theory,384.05,9,True
463,For force mention,302.88,8,True
464,Senior require first,426.37,2,True
465,Prove theory bring computer,394.97,2,True
466,Us fill analysis hope,375.80,0,False
467,Could positive organization,125.44,3,True
468,Enjoy from tonight,475.74,10,True
469,Bar avoid positive someone attorney,294.27,6,True
470,Nature property bank,410.65,5,True
471,Foreign interesting hold level audience,378.09,0,False
472,Suffer process radio something,341.36,1,True
473,Certain country,272.05,10,True
474,Shake special current each,74.95,3,True
475,Crime son yes,40.30,2,True
476,Break save society least,443.18,2,True
477,Yeah employee per,278.38,3,True
478,Conference around commercial,336.83,10,True
479,Buy have couple,137.24,2,True
480,Size author year letter fast,202.45,0,False
481,Until cut put,467.30,2,True
482,Someone prepare business our,479.48,4,True
483,Nearly play success role partner,253.55,7,True
484,Sell present community direction today,49.88,9,True
485,Rich business team audience,244.19,6,True
486,Tax appear moment,256.23,1,True
487,Important second computer cold event,221.29,4,True
488,Should morning none,216.11,3,True
489,Data money fall,344.78,6,True
490,Watch for others,486.23,9,True
491,Medical ball too,312.68,6,True
492,Event result,18.02,7,True
493,Whose result determine Republican,189.18,6,True
494,Happen author civil,418.09,10,True
495,Page discover raise and,54.91,3,True
496,Heavy degree wonder,251.89,3,True
497,Hospital account mean,311.80,0,False
498,Like company,295.88,7,True
499,Throw election,242.98,8,True
500,Modern deep particularly,213.65,1,True
501,Risk million,218.81,5,True
502,Mind around kind serve like,262.38,9,True
503,Positive single produce,17.95,2,True
504,Fast force hour,216.20,0,False
505,It people treat,272.60,9,True
506,Million themselves central stage,92.30,0,False
507,Culture something type off,145.89,9,True
508,As enter camera,414.69,0,False
509,Behind it only,263.78,10,True
510,Wife again significant,391.90,4,True
511,Blue remember account,390.50,1,True
512,East choice mind,118.51,6,True
513,Goal pretty fall clear,442.08,6,True
514,Develop fund building hand,185.82,9,True
515,If each matter,21.54,10,True
516,Game thing,464.07,5,True
517,Entire PM,1.96,9,True
518,Fact sense,106.07,5,True
519,Wide their south between,216.85,1,True
520,Certainly skill white,325.27,0,False
521,Entire away case especially class,18.09,6,True
522,Attention himself sign,10.03,6,True
523,Degree as billion,274.32,1,True
524,Item debate him alone,433.00,6,True
525,Mean performance act across expert,430.27,0,False
526,Book wonder development,316.98,3,True
527,None many house,296.85,10,True
528,Resource season audience should,297.36,6,True
529,Pretty knowledge human feel they,11.33,5,True
530,Form left land,351.55,2,True
531,Unit similar far couple,288.61,2,True
532,That set accept city,272.30,7,True
533,Score however reach serve,33.66,0,False
534,Guess million form interesting eat,43.56,0,False
535,Yard hard,424.05,5,True
536,Road young collection reduce,214.70,6,True
537,International continue,39.54,5,True
538,Information chair difficult measure customer,454.24,5,True
539,Majority help,344.50,8,True
540,Itself later for today,83.86,9,True
541,Scene stand shoulder avoid Congress,242.22,3,True
542,Save home sure,78.20,10,True
543,Clear born,468.37,5,True
544,Community ball of instead,460.48,2,True
545,Might here control major hope,128.20,6,True
546,These star boy move skill,129.56,8,True
547,People recent family I,197.03,4,True
548,Along sure edge arrive table,396.69,1,True
549,Option half whose model offer,453.28,3,True
550,Floor employee drug type,265.39,1,True
551,Organization cost fire,132.82,4,True
552,Site bed foot opportunity,273.37,10,True
553,Life than two since,24.02,2,True
554,Computer throughout able how,493.52,10,True
555,Account short space morning movement,422.64,6,True
556,Tend art people,321.48,9,True
557,Consider international look,335.59,7,True
558,Pick minute,179.95,2,True
559,Forward suggest happen soldier,204.53,2,True
560,Since within,163.07,10,True
561,May race live near center,52.19,6,True
562,Speak or,6.47,0,False
563,Matter mother,384.64,5,True
564,Tonight my,435.54,4,True
565,Organization top through technology,451.12,1,True
566,Two technology get,58.55,1,True
567,Present authority son will rate,465.21,8,True
568,Charge director compare might,155.77,8,True
569,Sit today,56.29,2,True
570,Bar center these total,395.71,7,True
571,Laugh laugh administration,248.34,10,True
572,Explain out purpose whole place,205.36,6,True
573,Organization arrive know contain,127.95,4,True
574,Quickly piece value education,428.33,7,True
575,What professional peace seven full,449.13,0,False
576,Find wait,111.79,8,True
577,Such believe middle,210.77,5,True
578,Health learn west happy,212.03,0,False
579,For natural we provide,481.52,6,True
580,House prevent check,96.19,9,True
581,Human western role,268.01,1,True
582,Listen poor draw,73.82,10,True
583,Health finally,130.08,0,False
584,Born alone around weight,114.51,1,True
585,Up nice certainly,432.52,0,False
586,Defense live center friend,223.42,10,True
587,Same practice four stay,6.70,9,True
588,Couple his can already side,207.32,7,True
589,Quite improve kitchen,198.27,6,True
590,Reveal after determine population,332.10,1,True
591,Green role,21.10,8,True
592,Find listen deal,116.41,9,True
593,Republican value effect pick,257.63,1,True
594,By easy finally,94.35,7,True
595,Decision many program space,195.00,2,True
596,News particularly system side,113.02,4,True
597,People figure cultural,479.36,0,False
598,Study role,466.58,8,True
599,Add service,6.28,2,True
600,Way ground wait accept number,60.70,2,True
601,Need friend do among themselves,422.82,0,False
602,Make arm always,217.69,5,True
603,West player bar military,252.22,8,True
604,Between though,487.18,0,False
605,Young current education find listen,377.41,4,True
606,Stage hope action,391.62,3,True
607,Always how,295.79,7,True
608,From purpose whom health,105.96,0,False
609,Again former fine dinner near,173.42,2,True
610,Seek charge friend,457.48,5,True
611,Sense play system he,171.00,0,False
612,Your vote,443.74,8,True
613,Recently pretty PM source,83.30,3,True
614,Data budget party,5.60,7,True
615,White enjoy join,179.11,8,True
616,Enough tree,47.78,6,True
617,Lead rock nation fall very,220.72,3,True
618,Likely town,474.39,7,True
619,Cold firm push,428.79,4,True
620,Course or charge trouble within,2.08,10,True
621,Bank condition reduce energy animal,423.77,2,True
622,Can this will right,155.33,9,True
623,Low public president cut table,58.92,6,True
624,Environmental nation,209.31,3,True
625,Blood left deal particularly night,331.09,9,True
626,Ok stock hand red,414.50,0,False
627,What person put,383.91,0,False
628,Those rise this network,298.19,3,True
629,Participant hope,241.74,5,True
630,Building reduce pass gun,80.15,0,False
631,Now until buy,389.68,3,True
632,Report level,240.62,3,True
633,State early,175.28,5,True
634,Buy college next son,208.74,1,True
635,Law cell contain bring,256.83,7,True
636,Fish either society write sit,115.73,6,True
637,Fact economic never sort,265.31,6,True
638,This story room recognize,333.78,5,True
639,Section reveal walk,238.19,0,False
640,Drive inside nice,212.08,0,False
641,Identify close now yet,451.80,2,True
642,Cost room blue media network,29.37,0,False
643,Skin event season quite affect,344.23,4,True
644,Somebody nor energy eye week,84.82,7,True
645,Him professional,56.35,5,True
646,Light why,309.98,10,True
647,Continue day,411.24,2,True
648,Mention treatment imagine,89.35,7,True
649,Suddenly major,493.67,4,True
650,Only easy,453.74,8,True
651,New Republican support young compare,225.93,5,True
652,Person national talk gun,450.92,5,True
653,Hair follow time set nor,308.00,6,True
654,Key do,256.55,6,True
655,How ok produce,10.72,7,True
656,Benefit key movement,362.73,5,True
657,After build then,200.45,0,False
658,Sport former bag news especially,40.91,8,True
659,Agree sit night do,225.68,0,False
660,Any energy,193.52,6,True
661,Pm skin fill detail less,246.85,3,True
662,Front decade remain up,317.07,7,True
663,Some friend cold,250.32,8,True
664,Shake box letter school,319.85,10,True
665,Animal task language at,437.41,6,True
666,Service commercial generation,413.92,10,True
667,Believe impact product,413.26,10,True
668,Until study,391.12,0,False
669,Great statement truth could force,430.01,4,True
670,Challenge once raise,104.35,0,False
671,Staff none throughout,298.97,1,True
672,Improve material happy return,142.89,1,True
673,Clear film often realize account,283.50,10,True
674,Down cold indicate there character,362.15,9,True
675,Good much spend off,324.38,2,True
676,Region rise,311.77,6,True
677,Site score share push,225.45,9,True
678,Garden data,497.96,5,True
679,Table office,176.64,3,True
680,East chance religious most become,205.62,3,True
681,Suddenly take thank improve,306.98,4,True
682,To worker,466.72,6,True
683,Now indeed,466.73,3,True
684,House market tree,14.21,7,True
685,Good follow develop pass prove,367.05,6,True
686,Option my serve,46.68,8,True
687,Medical hit,206.89,7,True
688,Same way process provide medical,201.64,7,True
689,Memory number crime reduce area,146.66,6,True
690,Four him suffer lawyer,240.93,3,True
691,Not worker,140.51,8,True
692,Politics assume small,462.61,8,True
693,Hospital small,406.01,10,True
694,Movie perform much,414.30,8,True
695,Major meet southern,124.12,3,True
696,Rise direction he democratic,257.58,8,True
697,Whose pressure call usually,449.71,4,True
698,Hundred low south,308.91,6,True
699,North method position song,205.78,4,True
700,Town analysis real,375.84,8,True
701,Stage difficult,67.99,6,True
702,Hear end significant,68.62,2,True
703,Significant age everyone,364.68,2,True
704,Sport hold,287.02,3,True
705,Themselves upon his fly,114.90,7,True
706,So officer consumer pattern,2.90,4,True
707,Alone brother herself,479.22,2,True
708,Someone boy explain especially tell,371.45,3,True
709,Candidate officer rate detail voice,134.74,7,True
710,Firm tax win look,281.13,4,True
711,Between animal raise bring those,345.07,0,False
712,Scientist let look sister gas,148.56,9,True
713,Administration indicate answer carry,401.61,9,True
714,Data tend name effect lot,178.88,9,True
715,Increase next natural range,357.92,8,True
716,Light officer election important,60.55,9,True
717,Least music technology,297.32,0,False
718,Impact would general,482.39,0,False
719,Employee why response,35.45,0,False
720,Just able popular,359.10,0,False
721,Skin him way,405.48,8,True
722,Policy bring address where,213.43,3,True
723,Southern growth skill unit notice,262.93,2,True
724,Lead federal,165.26,7,True
725,Sea teacher among garden,299.62,5,True
726,Partner process know,328.89,5,True
727,Month bit no person off,467.60,4,True
728,Avoid cup,454.82,5,True
729,Describe need eight,195.24,8,True
730,Say us,239.92,0,False
731,Program food center move lay,103.31,6,True
732,Consumer your,128.14,0,False
733,Evidence agree across cost crime,326.32,8,True
734,Include pressure political research,182.75,3,True
735,Pay back play,229.47,0,False
736,Prepare institution place support,96.93,7,True
737,Final medical truth admit staff,198.71,4,True
738,Writer partner vote out,447.49,4,True
739,Stock play,52.02,1,True
740,Personal fast answer,114.65,2,True
741,Real around soon stay,156.59,3,True
742,Government throw peace long policy,289.09,7,True
743,Visit employee,50.50,10,True
744,Why if occur bit,489.71,10,True
745,Training allow until push story,329.63,0,False
746,Paper discover place group,167.15,0,False
747,Question point under degree,490.39,0,False
748,Mission sea usually,343.78,7,True
749,Nice everyone,320.68,10,True
750,Edge none each training,386.42,6,True
751,Close machine need drive,323.66,5,True
752,Response option instead full,476.69,8,True
753,More federal,433.46,3,True
754,Plant prepare evidence certain,166.11,4,True
755,Among less someone whatever goal,278.04,6,True
756,Moment air director base piece,272.84,0,False
757,From health claim,269.18,10,True
758,Star large two leader,166.07,2,True
759,College country peace,75.25,5,True
760,Let tough collection head when,341.15,9,True
761,Happy thing others between,329.04,7,True
762,Fast wrong carry experience,60.52,1,True
763,Bed style board reflect wear,396.25,2,True
764,Economic option feel fill about,31.25,7,True
765,Air carry writer hard,212.35,2,True
766,Mean simple focus until several,398.21,10,True
767,Relationship say poor church positive,15.57,2,True
768,Sign air method,209.09,2,True
769,Begin wear surface cup,212.33,2,True
770,When training wall,435.94,7,True
771,Human southern huge,325.64,3,True
772,Staff let,107.50,6,True
773,Begin health,103.64,3,True
774,Level well than court,323.46,6,True
775,Drop series middle thank,472.49,6,True
776,Partner kid network,470.34,10,True
777,Hand speech green camera,37.32,3,True
778,Wrong inside,179.92,9,True
779,Community close simple drug,243.01,6,True
780,News detail,375.49,7,True
781,College ground center,87.49,8,True
782,Give finish citizen hope,353.95,7,True
783,Picture order another significant,229.33,3,True
784,Act little unit,116.30,9,True
785,We notice course,145.90,8,True
786,Home anyone,452.70,10,True
787,Political though side than tonight,120.91,1,True
788,Party eat court strategy,42.13,0,False
789,News floor lot,438.96,7,True
790,Attorney study store,494.35,7,True
791,Who strategy owner,448.43,10,True
792,Need media first,390.57,8,True
793,Since whole staff land onto,55.52,9,True
794,Spend whom plant,100.82,3,True
795,East quickly PM,284.97,7,True
796,Head should order impact within,196.41,3,True
797,Imagine believe talk education policy,393.49,0,False
798,Answer front which,450.80,2,True
799,Evening nearly consumer usually,476.78,10,True
800,Letter direction,350.39,9,True
801,Can station human,36.98,6,True
802,Say detail my,500.78,8,True
803,What admit may instead,230.20,10,True
804,Method job small much public,4.36,5,True
805,Pretty firm begin understand,132.44,4,True
806,College police direction,450.99,4,True
807,Improve check religious teach,171.12,3,True
808,Service subject ahead federal receive,126.66,9,True
809,Question practice,80.01,7,True
810,Too cause father vote writer,48.79,5,True
811,Front because,10.42,4,True
812,Tell there wait,256.88,4,True
813,Sea avoid goal view,154.43,1,True
814,Strong front you,85.20,9,True
815,And star individual decision,460.33,10,True
816,Close sister drug,213.06,0,False
817,Improve similar full,124.42,4,True
818,Whatever stay few heavy find,59.71,10,True
819,Admit film benefit attention,278.75,3,True
820,Forget relate have,296.76,0,False
821,Law both claim always,116.82,8,True
822,Media clear yourself,249.47,1,True
823,Out wonder list,53.73,10,True
824,There woman tell music movie,382.92,2,True
825,Step respond shake moment north,196.15,2,True
826,Listen imagine rate animal,376.78,0,False
827,Possible coach site,210.21,6,True
828,Every certainly,107.90,7,True
829,Market difference run,106.83,0,False
830,Always any night,349.93,7,True
831,Decide both good cut college,391.52,5,True
832,Such finally fact situation that,333.92,9,True
833,That past,216.47,7,True
834,Support fall,87.24,7,True
835,Black west,66.80,8,True
836,Manager TV spend,178.57,4,True
837,Question now,359.72,8,True
838,Street scientist window program,70.52,7,True
839,Raise early find sometimes,361.04,2,True
840,Grow which,282.19,10,True
841,To point threat,7.13,1,True
842,Build including other,304.17,2,True
843,Other discuss light,281.57,5,True
844,He probably doctor mean,6.82,7,True
845,Common identify recently,277.04,9,True
846,Big treatment,284.44,8,True
847,Imagine performance,448.70,7,True
848,Debate hear partner,478.15,9,True
849,Along sure yet language,358.90,9,True
850,Phone so inside especially,150.02,2,True
851,Relationship she event majority,309.57,9,True
852,Matter available each,365.61,5,True
853,Behavior particular loss,70.42,8,True
854,Course catch degree body her,457.18,7,True
855,Try action deal,72.31,9,True
856,Production style policy fact,256.97,6,True
857,Thought thus door,192.10,2,True
858,Teach garden,413.01,0,False
859,Wind suffer eye,413.25,8,True
860,Blue style much boy,124.72,10,True
861,Think crime wind,199.21,4,True
862,Really individual enjoy outside,150.16,2,True
863,Space analysis finally,460.96,1,True
864,Fire month will eye,17.99,8,True
865,Nice single,178.37,9,True
866,Loss bad training sometimes,319.74,0,False
867,Majority color weight,126.01,7,True
868,Us gas,227.19,1,True
869,Strong star,466.80,6,True
870,Top improve improve,328.21,5,True
871,To plant candidate,73.76,4,True
872,National cost edge,96.00,0,False
873,Blood movie daughter day,280.02,4,True
874,Foot green somebody,166.73,8,True
875,Education spring remember,470.01,9,True
876,Factor go street during share,428.88,10,True
877,Apply fall seem lose action,157.69,1,True
878,Door anything,315.48,3,True
879,Industry heavy street large,72.71,8,True
880,Black must picture man believe,50.87,2,True
881,Deal thing,35.71,7,True
882,Public idea space foot number,326.72,9,True
883,Key watch their,269.26,0,False
884,Such no,404.80,0,False
885,We after record,64.04,2,True
886,Result those do,247.43,7,True
887,Per stuff memory theory fire,184.18,9,True
888,Up keep,168.93,1,True
889,Window contain office,48.70,1,True
890,Exist not relationship step,16.44,6,True
891,Fire yourself school true,72.54,3,True
892,Become once case,259.87,4,True
893,Consumer owner,77.39,7,True
894,Continue training site,455.95,9,True
895,Health miss doctor job manage,352.91,9,True
896,Program political,55.28,0,False
897,Guess within,431.06,7,True
898,Sort read,383.31,4,True
899,Four develop according,290.74,4,True
900,Task forward increase economy,16.13,0,False
901,Lot key play best,67.32,6,True
902,Both market,282.75,9,True
903,Detail say protect,386.21,10,True
904,Performance reveal city,310.11,10,True
905,Town total step minute south,497.01,2,True
906,Task sit son,422.54,9,True
907,Size economic on moment population,204.48,2,True
908,Full east debate western join,479.82,2,True
909,Bag approach,37.62,1,True
910,Never recognize between news,265.36,10,True
911,Project enough realize camera,209.41,1,True
912,Not war current the,180.20,8,True
913,Quickly along firm we room,367.66,8,True
914,How police,450.70,1,True
915,Design hand act live,480.48,0,False
916,Her anyone,435.35,8,True
917,Sister less type,107.82,6,True
918,Law require from,228.35,1,True
919,Sense like morning talk,287.10,4,True
920,Bed agree field,403.24,1,True
921,Fall yes nice share,160.07,1,True
922,Man parent,169.52,3,True
923,Success sea,120.62,7,True
924,Mind or picture draw,28.85,10,True
925,Friend specific various ready teach,27.81,0,False
926,Together science property music,359.54,8,True
927,Far tend admit never page,460.02,8,True
928,Such add determine,442.42,0,False
929,Enjoy particular still why performance,485.99,7,True
930,Weight moment many,209.64,8,True
931,Find listen ground,467.76,2,True
932,Glass visit brother ago charge,274.93,8,True
933,Hold personal large,13.80,8,True
934,Stand instead site,299.68,5,True
935,Free argue yeah,154.19,4,True
936,Subject from own very,449.29,9,True
937,Analysis turn natural may government,73.83,10,True
938,Laugh indeed network moment yard,400.27,2,True
939,Peace probably interesting above,214.02,8,True
940,Significant return forward,250.15,8,True
941,Together church enough machine foot,220.87,10,True
942,By north police shake,167.42,1,True
943,Safe usually certain other,155.51,2,True
944,Daughter story rich,469.19,9,True
945,Actually our,14.89,0,False
946,Myself show draw stuff,47.99,0,False
947,Close hard mention explain,344.32,6,True
948,Action social become fish child,391.62,1,True
949,Value radio decide,8.65,1,True
950,Black public drop,57.11,2,True
951,Course find,316.72,10,True
952,Official pay unit cost,8.89,5,True
953,Program left assume lead alone,99.09,3,True
954,Same citizen thousand language,12.87,0,False
955,Walk begin,202.03,2,True
956,Quite fall early budget,418.29,3,True
957,Ok stock performance,179.89,8,True
958,Difference stand operation,285.19,4,True
959,Student later have population take,186.87,5,True
960,Show sometimes address character,193.82,7,True
961,Light bed year way,320.45,2,True
962,Rock popular area group go,366.31,0,False
963,Mother simple car responsibility item,264.72,4,True
964,Answer up them,242.60,0,False
965,Point certain turn budget action,452.09,10,True
966,Whose car mean,169.35,7,True
967,Prove staff think,470.88,5,True
968,Event throw before,203.64,8,True
969,Learn cup order live,337.33,7,True
970,Easy particular interesting hair identify,337.70,4,True
971,Business by,345.22,0,False
972,Work director,277.88,8,True
973,Yard main beyond better current,46.11,1,True
974,Wonder certainly like seem,412.57,2,True
975,Meeting member capital opportunity star,37.05,10,True
976,Finally young,246.30,7,True
977,Performance still same degree strong,307.17,1,True
978,Themselves point fight factor citizen,183.13,2,True
979,Will technology yourself realize,281.53,1,True
980,Two help control,454.32,9,True
981,Amount guess safe,12.33,7,True
982,Star shoulder commercial until,108.85,1,True
983,Could material,432.45,6,True
984,Assume become reduce right,120.12,3,True
985,Story some couple left,97.01,3,True
986,Actually whom clearly,286.45,6,True
987,Gun wear,341.01,6,True
988,Sport food from task,217.47,5,True
989,Reason buy public nice,62.78,8,True
990,Play down figure effect,97.58,9,True
991,Evidence act so,413.39,10,True
992,Tell shoulder billion feeling begin,132.31,5,True
993,Play process within toward nothing,413.13,8,True
994,Late guess stand increase hold,343.13,0,False
995,Through foot street,146.51,7,True
996,Administration run,16.30,5,True
997,Drug child life sea,394.71,4,True
998,Your successful,282.17,1,True
999,Possible no indicate if,125.33,1,True
1000,Item claim capital,454.75,2,True
1001,Stage enter foot,205.39,2,True
1002,Future couple,236.60,8,True
1003,Popular at article,456.89,5,True
1004,Discuss agreement reflect live political,456.86,8,True
1005,Early because blood suffer,318.37,1,True
1006,Story parent one,251.20,7,True
1007,East play whose step,122.79,2,True
1008,Again serious then career,339.89,3,True
1009,His happy sing paper,253.08,8,True
1010,May bill letter adult lawyer,75.63,3,True
1011,Car speak,386.79,9,True
1012,Adult image yourself hear parent,311.43,0,False
1013,Security establish sure,81.37,4,True
1014,Message agent gas project,30.79,3,True
1015,Detail road meet wall,36.73,1,True
1016,For when generation,68.02,4,True
1017,Friend follow career bad fine,158.05,10,True
1018,Moment main,184.72,9,True
1019,That spring,204.46,9,True
1020,Record billion today receive family,394.02,10,True
1021,Respond make rather from,89.28,7,True
1022,Happy small ago,58.08,6,True
1023,Speech discussion manage identify man,0.93,9,True
1024,Common modern story have,437.96,5,True
1025,Worry remember teacher,400.99,10,True
1026,Position floor amount either sometimes,395.60,2,True
1027,Especially certainly move answer conference,141.88,2,True
1028,Actually senior oil bar,292.26,9,True
1029,Social movie happy,84.92,3,True
1030,Stay yourself,415.79,7,True
1031,Health training trip thing prove,240.08,6,True
1032,Son thus paper level,486.79,2,True
1033,Rather almost establish such,475.37,3,True
1034,Organization few,476.79,5,True
1035,Woman chair wife,288.74,6,True
1036,At continue,227.33,0,False
1037,Window activity article act have,128.16,4,True
1038,Even enter,407.85,6,True
1039,Century director yet president,264.38,10,True
1040,Show especially,134.93,0,False
1041,Difference site personal buy,170.73,3,True
1042,Very future animal,465.35,9,True
1043,Real according,322.25,3,True
1044,Call ball,30.73,9,True
1045,Action black throughout soldier,42.51,3,True
1046,Rather physical the foreign,155.56,8,True
1047,Those tell,299.46,9,True
1048,Look weight phone rise,42.38,4,True
1049,Garden because,471.62,8,True
1050,Clear understand director,275.05,6,True
1051,Energy government could,363.67,8,True
1052,Cup day,492.95,9,True
1053,Candidate candidate six,199.67,6,True
1054,Who two art machine career,349.12,6,True
1055,Yet own,292.80,9,True
1056,Relate mind table discuss,49.04,0,False
1057,In general successful,11.15,0,False
1058,General today own,189.32,1,True
1059,Song federal,290.82,8,True
1060,Hot moment,52.39,0,False
1061,Political popular care,469.56,1,True
1062,Build read area individual,140.71,6,True
1063,Job support this,190.44,5,True
1064,Hit skill quite Democrat,72.85,6,True
1065,Magazine technology management matter,327.97,5,True
1066,Standard sure campaign military stay,280.88,7,True
1067,Open describe practice series,156.40,4,True
1068,Majority executive common,51.33,1,True
1069,Card now,287.18,10,True
1070,Ahead same,429.04,1,True
1071,Kid amount,384.35,4,True
1072,Answer notice high there,40.72,4,True
1073,Life system,85.30,7,True
1074,Speech public less,427.51,2,True
1075,Nothing some current group,190.05,7,True
1076,Million article arrive,410.33,1,True
1077,Money individual house,55.70,8,True
1078,Against power,318.81,7,True
1079,Significant seat,410.20,9,True
1080,Should amount person,240.29,6,True
1081,Everything reality technology thing,441.04,7,True
1082,Health begin cover,494.64,2,True
1083,Building push behind politics,344.85,5,True
1084,Buy wind father,256.79,0,False
1085,Mouth religious work century,176.75,8,True
1086,Instead able poor cold,238.24,0,False
1087,Report professional commercial,72.01,3,True
1088,Nearly attorney reduce,243.67,10,True
1089,Officer base,193.54,9,True
1090,Pretty crime rest,283.26,0,False
1091,Number lawyer story think share,318.49,1,True
1092,Movement six artist,43.12,5,True
1093,Study company question half,19.78,10,True
1094,Interview soldier down concern get,388.70,9,True
1095,Partner conference claim agent discover,398.70,3,True
1096,Care house speak often,400.68,1,True
1097,Eight agency life without knowledge,48.17,1,True
1098,Television bad year board director,232.81,1,True
1099,Seven security everything church,483.47,6,True
1100,Accept Democrat,249.99,8,True
1101,Exactly visit culture character,323.11,4,True
1102,Tree surface let,250.24,4,True
1103,Modern growth work mother,61.29,7,True
1104,Individual mean fact mission,332.29,0,False
1105,Court finish many,128.24,9,True
1106,Raise compare usually,159.05,1,True
1107,Adult growth within authority conference,328.16,8,True
1108,Everything mind short,248.55,3,True
1109,Skill source,162.75,5,True
1110,State live,200.79,4,True
1111,Early product record page citizen,308.78,5,True
1112,Congress that for much his,301.58,5,True
1113,Without attorney,229.83,4,True
1114,Safe term three,469.78,8,True
1115,Measure fast rich itself,306.79,3,True
1116,Require trip difference treat,438.46,5,True
1117,Oil identify customer,499.19,1,True
1118,Save decade them,119.31,2,True
1119,Sport ball continue behavior phone,321.35,8,True
1120,Provide season,389.02,2,True
1121,You understand,29.30,5,True
1122,Send image rate evidence,457.92,4,True
1123,Send management past fine,266.72,8,True
1124,Person conference by,180.74,7,True
1125,Service window public network,208.35,9,True
1126,Hour response enjoy,170.22,10,True
1127,Oil political think,441.95,5,True
1128,Never increase perform hundred,394.22,2,True
1129,Until rock moment,159.31,1,True
1130,Manager rest yes adult,272.13,2,True
1131,Federal dinner look not,158.65,0,False
1132,Action budget,372.85,10,True
1133,Side today enjoy,215.53,0,False
1134,Their month,101.84,3,True
1135,Way born happen,270.06,5,True
1136,Experience high let,162.93,2,True
1137,Require there,469.67,10,True
1138,Phone responsibility about,155.76,10,True
1139,Small control business page modern,275.61,4,True
1140,Born down,302.80,6,True
1141,Approach play as new near,270.99,5,True
1142,Identify deep again,239.81,4,True
1143,Window early side common,81.21,9,True
1144,Theory front others,355.29,4,True
1145,Last central,175.73,0,False
1146,Memory chance new cut read,312.52,3,True
1147,Finish yes open toward,280.76,3,True
1148,First usually worry company,48.51,7,True
1149,Speak relate increase,367.96,1,True
1150,Magazine fill tell power letter,210.84,5,True
1151,Billion agreement more language,418.05,1,True
1152,Career still,344.75,1,True
1153,Entire example exactly man,436.56,6,True
1154,Notice government citizen away,259.60,5,True
1155,Assume attention physical until,384.35,2,True
1156,Cultural response quality improve power,436.77,6,True
1157,Address foot recently art run,47.88,6,True
1158,Social guess open take over,42.36,9,True
1159,Us will money time coach,331.00,3,True
1160,Would prove college,179.30,0,False
1161,Section husband than ready between,192.74,8,True
1162,Blue month most ready bag,117.55,9,True
1163,Message animal affect,194.79,3,True
1164,Too personal phone follow,155.88,0,False
1165,Back only,51.54,0,False
1166,Blue everything level against,130.93,9,True
1167,Maybe future pay car,77.88,4,True
1168,Week inside firm sea,431.48,2,True
1169,He culture management student decade,86.42,9,True
1170,Management financial white dream project,163.28,0,False
1171,Mission research state,263.12,0,False
1172,Like affect weight center,463.91,2,True
1173,Score by free available,415.29,8,True
1174,Response already,90.08,3,True
1175,City picture call organization,448.03,9,True
1176,She fear speech,102.79,1,True
1177,Fish red budget,455.52,1,True
1178,Simple ready message,390.70,1,True
1179,Change far my,323.77,9,True
1180,Room really floor,483.55,4,True
1181,Many laugh attack,71.70,1,True
1182,Approach receive though,46.53,5,True
1183,Than live,195.84,7,True
1184,Recent too response,436.50,7,True
1185,Few present may,188.04,6,True
1186,Affect exactly memory,316.48,6,True
1187,Who wait fast develop,187.45,7,True
1188,Easy commercial fall lead,77.88,8,True
1189,Everybody check,294.35,2,True
1190,Easy until score effort,150.42,0,False
1191,Opportunity ahead,377.60,5,True
1192,Play understand,23.06,1,True
1193,Result garden,418.40,8,True
1194,Science fine,357.49,2,True
1195,Middle six role result,429.06,4,True
1196,Government money,361.76,7,True
1197,Future each two,404.51,4,True
1198,Suddenly special lead,190.80,7,True
1199,Other door person join lead,205.32,3,True
1200,Account finish when positive,78.83,6,True
1201,Country kitchen tell while,244.06,4,True
1202,President decade along structure feeling,65.91,10,True
1203,Check lot goal within measure,67.61,0,False
1204,A social time red only,345.55,10,True
1205,Ask politics assume check prepare,348.04,6,True
1206,Investment these meeting through sister,11.19,8,True
1207,Dream stand agency organization,170.45,4,True
1208,Participant each without compare national,347.96,4,True
1209,Sister describe key nice,12.67,4,True
1210,So indicate itself,442.15,4,True
1211,Sit rock cut,150.20,0,False
1212,Response can later represent player,363.77,1,True
1213,Modern road sit able,138.40,3,True
1214,Few three training her,229.11,10,True
1215,School end,359.93,0,False
1216,Throughout drive pull lawyer produce,122.85,5,True
1217,Wide town determine,309.10,0,False
1218,Future appear,386.53,7,True
1219,Ball add,73.16,5,True
1220,Picture war side foreign rock,176.86,1,True
1221,National present,350.31,6,True
1222,Already act your,44.54,9,True
1223,Adult within upon position,116.41,0,False
1224,Billion big fund forget,1.18,3,True
1225,Must hair theory,132.14,5,True
1226,Result need,478.33,10,True
1227,Sense relationship,184.58,0,False
1228,International run,7.88,10,True
1229,Leader natural property suggest,92.73,9,True
1230,Wish head,35.44,3,True
1231,Find politics blue result spend,83.74,2,True
1232,Other physical character learn,425.76,7,True
1233,Republican industry toward seek,202.25,1,True
1234,Some perhaps,416.87,0,False
1235,Star war dog focus,370.21,0,False
1236,From adult nearly improve,284.03,0,False
1237,Model stop too Democrat artist,414.48,7,True
1238,What usually want,254.73,0,False
1239,But money why,235.98,4,True
1240,Price reveal,178.48,4,True
1241,Letter total early threat,272.94,10,True
1242,Him those beautiful address,451.64,10,True
1243,Perhaps fight onto,121.88,9,True
1244,Hour total who,392.37,3,True
1245,Board so trade,260.89,0,False
1246,Loss participant four,304.89,9,True
1247,Challenge matter consider professional,26.92,5,True
1248,Little expect responsibility when difference,434.90,8,True
1249,Small about city,263.43,0,False
1250,Much himself process,279.89,4,True
1251,Value same foot list,479.27,9,True
1252,Book maybe guess,464.34,8,True
1253,Cost already up choice pretty,209.46,7,True
1254,Involve control,147.77,6,True
1255,Old stand laugh war,172.98,6,True
1256,Son hard yourself not,331.68,7,True
1257,News rock everyone become,309.45,1,True
1258,Trip system hospital,95.05,7,True
1259,Drop story herself,96.66,2,True
1260,Few PM leader political system,182.24,8,True
1261,Standard heavy science,15.08,3,True
1262,Conference natural,270.50,0,False
1263,Control third,355.28,2,True
1264,True stand as,302.21,1,True
1265,System television,142.82,3,True
1266,Quite theory quite,393.35,4,True
1267,Education who operation,366.63,1,True
1268,Think whose,491.86,5,True
1269,Business language out myself,191.84,3,True
1270,Trip material add,413.24,3,True
1271,Information get shoulder,50.24,9,True
1272,Among southern stay never high,486.90,0,False
1273,It as understand office thing,450.73,0,False
1274,Each ever main drop,407.23,1,True
1275,Like hold reduce boy,212.37,4,True
1276,Country dinner,409.73,9,True
1277,Five establish but stop factor,493.34,0,False
1278,Drug pattern heart simply scientist,496.26,5,True
1279,Reason against author,401.46,0,False
1280,Heavy simple assume strategy,173.86,8,True
1281,Quality idea,459.45,4,True
1282,Different line front tough head,480.91,9,True
1283,Attack total,464.80,8,True
1284,Note over choose,224.24,8,True
1285,Long on,497.33,6,True
1286,Oil low nation force marriage,280.83,0,False
1287,Single west happy building,350.93,2,True
1288,However mean dinner morning mind,290.59,9,True
1289,Big speak why blue,264.33,3,True
1290,Coach bring nor,20.42,1,True
1291,North building front return draw,205.06,0,False
1292,Go able,469.69,0,False
1293,Weight each agreement day,60.05,5,True
1294,Or wait home against,366.31,6,True
1295,Firm week test debate,109.48,1,True
1296,Particular pull simply father line,33.61,5,True
1297,Nor south ago,47.03,2,True
1298,Pattern certainly concern third,81.47,8,True
1299,Government read party,44.46,9,True
1300,Forward carry effect Republican hold,45.53,5,True
1301,Cost parent,95.07,3,True
1302,Almost know article old great,22.69,9,True
1303,Seat media environment,245.96,5,True
1304,Somebody pretty security,256.86,7,True
1305,Group example,82.02,9,True
1306,Research enter woman,213.76,7,True
1307,Human upon,88.43,7,True
1308,Should first writer right drug,197.36,5,True
1309,Stuff box poor few,413.71,10,True
1310,Leg four pull,444.33,5,True
1311,Firm agent sport,359.44,8,True
1312,Church mouth medical,370.63,5,True
1313,Against difference strategy,329.51,1,True
1314,Statement foreign,49.21,1,True
1315,Act international nearly build happen,411.00,1,True
1316,Us box,489.79,1,True
1317,Such sing law indeed data,225.69,5,True
1318,Nice task,20.04,0,False
1319,She table wall sometimes,254.66,4,True
1320,Result now,424.97,9,True
1321,Land reduce yourself,110.58,7,True
1322,Reason tough,379.64,10,True
1323,She surface ball,296.72,8,True
1324,Pretty computer food,305.13,3,True
1325,Forget candidate,180.55,7,True
1326,Gun agency type,17.05,1,True
1327,Dream billion sometimes section name,243.49,6,True
1328,Deal size sister,259.15,2,True
1329,News instead,143.44,0,False
1330,Meeting do most son there,419.56,5,True
1331,Determine activity remain,4.85,10,True
1332,Matter city with fly,105.72,10,True
1333,Author bar four,488.46,6,True
1334,See give three,354.78,6,True
1335,Pass young,82.52,6,True
1336,Laugh weight purpose,486.12,2,True
1337,Spring their buy politics,252.61,10,True
1338,Member toward region into chance,93.31,6,True
1339,Region real development order,203.37,10,True
1340,Thus can particularly morning,95.91,8,True
1341,As similar cold,199.97,7,True
1342,Determine turn exactly,45.71,10,True
1343,Heart blood state,14.10,9,True
1344,New full its outside,385.24,8,True
1345,Statement window recent,124.06,6,True
1346,Pass offer cut ago card,61.47,3,True
1347,That morning reflect at,485.03,1,True
1348,Identify side,270.01,9,True
1349,Possible none peace,75.66,5,True
1350,Again cause different,168.38,4,True
1351,Organization nature according point girl,295.26,6,True
1352,Choose environmental event cold everything,116.42,10,True
1353,May final poor avoid start,115.89,7,True
1354,Reduce citizen no,482.59,2,True
1355,Include majority,313.78,4,True
1356,Common same Congress south represent,270.99,5,True
1357,Standard present prevent person,423.24,7,True
1358,Already give thousand hit,374.24,1,True
1359,Science your,486.20,1,True
1360,Reflect majority make safe,353.10,4,True
1361,Field building walk,372.09,2,True
1362,Prepare low situation,402.17,9,True
1363,Air late do voice,464.30,10,True
1364,Marriage member action agent near,126.07,3,True
1365,Simply season course room,188.39,6,True
1366,Actually tough mention discover,204.84,0,False
1367,Outside not possible appear finally,69.93,9,True
1368,Industry operation,282.54,8,True
1369,Young available manage run,78.06,9,True
1370,Season begin heart hot,235.71,1,True
1371,Program again body it,369.92,9,True
1372,Along billion product join,364.08,9,True
1373,Ten animal six north,315.06,6,True
1374,Create challenge evening,498.65,0,False
1375,About activity floor air home,224.55,6,True
1376,Something for ever word factor,264.27,4,True
1377,Special matter entire break seek,114.80,0,False
1378,Still finish,200.37,4,True
1379,Executive ahead offer color,272.00,9,True
1380,Commercial wall focus purpose,437.02,8,True
1381,Everything throughout,3.27,2,True
1382,Ground nor,138.29,3,True
1383,Identify sea share,258.65,2,True
1384,Office college,496.16,6,True
1385,Increase word piece company can,215.97,1,True
1386,Recently whose area,215.53,8,True
1387,Score if magazine respond,53.98,0,False
1388,Know how court letter,195.76,3,True
1389,More himself question offer interest,495.41,8,True
1390,Herself mean,433.01,0,False
1391,Certainly away item professional,390.27,8,True
1392,Real good law,432.58,6,True
1393,Friend performance school arm,127.11,2,True
1394,Himself consumer traditional civil,136.64,5,True
1395,Relationship since,445.17,3,True
1396,Art good expect,364.20,1,True
1397,Number Democrat every like,461.48,8,True
1398,American economy black while general,435.60,10,True
1399,Tough hope themselves different,319.25,0,False
1400,Benefit happen difficult,473.87,8,True
1401,Game eight play,281.27,0,False
1402,Sing individual allow contain,406.13,6,True
1403,Read see food,255.36,8,True
1404,Mission thus place into require,116.03,4,True
1405,Tonight resource,479.91,0,False
1406,Above team several accept against,441.76,7,True
1407,Evening decade mean,404.71,1,True
1408,Share event speak,420.79,4,True
1409,Stay account whatever skill method,424.99,6,True
1410,Protect treat machine once,451.07,0,False
1411,Instead consumer,204.79,7,True
1412,Most somebody hold,392.81,0,False
1413,Seat last shoulder where exactly,162.82,1,True
1414,Size television time environment,462.44,4,True
1415,Ground staff,159.65,4,True
1416,Look challenge effect,306.15,2,True
1417,Allow it every game,494.11,1,True
1418,Various manage feel law,277.25,8,True
1419,Consumer would around station,389.07,1,True
1420,Result letter possible your western,483.89,6,True
1421,Eat drive every,232.17,4,True
1422,Seat hospital central,228.11,7,True
1423,Meet ball system,291.45,5,True
1424,Money guess move process,470.65,2,True
1425,Newspaper personal really mean,131.93,2,True
1426,Whether rest enough,234.61,7,True
1427,Bar town decide series relate,385.70,1,True
1428,Next program,143.74,8,True
1429,We win official anything,76.60,10,True
1430,Compare imagine vote tax born,394.81,4,True
1431,Water watch room feel,204.32,6,True
1432,Be end usually voice far,99.68,0,False
1433,Director toward figure,211.05,6,True
1434,Fire in,305.97,2,True
1435,Answer carry white strategy best,426.65,8,True
1436,May cultural,63.75,3,True
1437,Most use individual,70.76,5,True
1438,Political often natural,61.45,5,True
1439,Civil serve suffer,111.42,7,True
1440,On garden,202.39,10,True
1441,Various personal these,11.10,8,True
1442,Middle that,228.02,9,True
1443,Officer attorney employee campaign,430.97,4,True
1444,Ask control serious clear,419.82,5,True
1445,Rich lose evidence,42.98,1,True
1446,Brother black relationship,206.13,1,True
1447,Measure senior finally,440.77,5,True
1448,Four couple down poor,340.72,8,True
1449,Plant place summer position,486.06,8,True
1450,Week training middle control,169.46,8,True
1451,Fish station stock,497.00,10,True
1452,My when thousand citizen,203.62,1,True
1453,Either move,353.36,8,True
1454,Fund to cover economic anyone,472.42,1,True
1455,List run reduce,452.86,2,True
1456,Compare offer daughter drive,79.55,2,True
1457,Reach then,239.96,10,True
1458,Difficult cost sometimes side network,64.84,3,True
1459,Left deep subject the food,345.26,10,True
1460,Clearly during author,481.98,5,True
1461,Goal effort small artist,62.30,1,True
1462,Third our,304.60,5,True
1463,Return weight skill stay,40.51,5,True
1464,Perhaps lay skin,106.80,0,False
1465,My on all,296.24,8,True
1466,Computer challenge kid,280.85,9,True
1467,Half girl military,328.69,4,True
1468,Indeed tell executive,397.10,1,True
1469,Painting on worry,382.78,5,True
1470,Wait ahead,26.60,0,False
1471,Thought necessary capital,106.07,6,True
1472,At eight stage direction,42.73,8,True
1473,Music light determine,25.86,6,True
1474,Picture anyone wish,178.20,5,True
1475,Per poor interview city,102.39,7,True
1476,Wall lose country human window,461.11,8,True
1477,American spring cold,258.77,7,True
1478,Though wonder camera involve,46.17,10,True
1479,Wall free peace degree author,456.99,0,False
1480,Hit six know research,422.25,10,True
1481,Teach race computer future,82.35,0,False
1482,Yes work,323.03,7,True
1483,Space paper night,153.51,7,True
1484,My hundred sea,20.52,7,True
1485,Serious modern seem force condition,255.46,9,True
1486,Others believe above represent claim,200.27,8,True
1487,Color record nice level bad,245.62,4,True
1488,Ability scene education,65.80,2,True
1489,Resource local whether,396.39,0,False
1490,True party here also near,69.48,3,True
1491,Order assume be,53.60,8,True
1492,Require entire bad learn,138.95,8,True
1493,About couple,171.04,5,True
1494,Decide break sport culture,488.24,4,True
1495,School base,24.22,8,True
1496,Him number Republican,63.11,8,True
1497,Hotel central between,119.99,10,True
1498,Name service here movie,8.08,2,True
1499,Anyone key majority share,76.15,5,True
1500,Quite plant respond,57.28,1,True
1501,Particular red admit,324.62,5,True
1502,Too accept instead,304.80,5,True
1503,General light just,403.31,5,True
1504,Consumer instead,464.02,5,True
1505,Power focus drug,237.64,4,True
1506,Newspaper finish president page,282.24,4,True
1507,Finish people them,434.25,10,True
1508,Table cut,293.06,5,True
1509,Its politics,105.82,1,True
1510,Author night environmental,70.69,3,True
1511,City situation TV entire,64.55,6,True
1512,Before also,430.18,8,True
1513,Key identify reality occur,259.50,3,True
1514,Mean relate free,7.48,10,True
1515,Discuss point movement,351.99,1,True
1516,Wear no event,245.58,4,True
1517,Painting hospital team community to,382.29,9,True
1518,Technology too answer sea,356.43,5,True
1519,Page college cut,451.34,4,True
1520,Save rather rich evidence,276.47,0,False
1521,Audience group true should price,274.58,1,True
1522,Section on,355.43,10,True
1523,Natural every,40.58,5,True
1524,Stay almost,443.27,7,True
1525,Maybe describe bit,368.58,2,True
1526,Reduce than,311.37,9,True
1527,Real science sign party,37.80,9,True
1528,Section both between particular,270.02,5,True
1529,Try number close land,452.84,7,True
1530,Go for base if specific,241.73,5,True
1531,Since there yet manage role,401.24,6,True
1532,Store table ball there,352.40,3,True
1533,Last woman morning,299.34,3,True
1534,Beat view kind prepare culture,460.85,3,True
1535,Natural wear share style,99.61,1,True
1536,Mouth test through role,148.22,8,True
1537,Establish song weight,277.33,1,True
1538,Whatever health dream discuss,42.98,9,True
1539,Simply TV,232.43,3,True
1540,Rise head interest project trip,84.84,7,True
1541,Travel last sense type involve,377.21,5,True
1542,American during with work,334.01,2,True
1543,Top body wall,490.24,8,True
1544,Shoulder decade pattern phone,458.08,3,True
1545,Commercial business,229.92,0,False
1546,Audience continue effort out nature,55.95,10,True
1547,Push sell beyond student,452.85,1,True
1548,Town less eye stand,345.32,9,True
1549,Treatment medical,112.11,1,True
1550,Send painting someone machine,245.50,8,True
1551,Direction learn heart,145.92,10,True
1552,Head change herself then approach,91.75,10,True
1553,Direction sure certainly,170.21,6,True
1554,Point get effect consider blue,301.22,9,True
1555,Style hard glass,227.00,2,True
1556,Note fund news drop job,249.53,5,True
1557,Forget real military build,183.24,1,True
1558,South which administration,393.02,8,True
1559,Set pull name,369.55,1,True
1560,Thus range big able,239.58,2,True
1561,Expect couple write,462.56,8,True
1562,All no,311.57,4,True
1563,Record officer north quite hit,156.02,1,True
1564,Tax sort end score,469.38,10,True
1565,See church exactly service plant,93.01,0,False
1566,Goal affect himself,314.33,6,True
1567,Safe reveal after,334.21,7,True
1568,Push painting whole,372.81,5,True
1569,Live sound beat,59.97,10,True
1570,Sell sense well,333.14,7,True
1571,Tv middle exactly case,74.65,1,True
1572,Million natural yet,178.28,4,True
1573,Investment happen ten music term,87.25,2,True
1574,Sort seat do,461.25,10,True
1575,Line space subject Democrat,422.82,2,True
1576,Shake suddenly should,371.99,4,True
1577,Particularly safe guess hard,42.66,6,True
1578,Boy prove,200.93,7,True
1579,Always huge total everything discover,200.29,0,False
1580,Goal see trouble state when,269.47,3,True
1581,Add social rate base will,33.53,10,True
1582,Land future,295.53,9,True
1583,Stop force offer hot,90.83,8,True
1584,Visit early trial,52.79,1,True
1585,Mother lot range prevent,434.85,8,True
1586,Tend this,140.94,7,True
1587,Difference field make century game,23.68,6,True
1588,Everyone large close,150.21,3,True
1589,Student money cover scene leave,485.03,1,True
1590,Before machine,6.73,3,True
1591,Business among cultural center,492.20,9,True
1592,Can yeah,341.37,9,True
1593,Firm type cell offer enter,408.34,9,True
1594,Create chance police,56.22,8,True
1595,Ground nor wear second top,349.59,3,True
1596,Box sometimes degree consider thus,313.72,5,True
1597,No case democratic,314.75,10,True
1598,Major line fish put,482.08,8,True
1599,Thing raise,79.56,1,True
1600,Eat where,334.49,10,True
1601,Store probably individual,126.22,10,True
1602,Girl quite break,450.47,1,True
1603,Can why up memory,123.56,4,True
1604,Address tax many act,242.96,8,True
1605,Himself hot it,331.07,1,True
1606,Us family how wish,298.64,0,False
1607,There trip consider east,448.36,8,True
1608,Include in term,477.94,7,True
1609,Natural may head,141.40,8,True
1610,White green she cut ball,427.07,9,True
1611,Wife spend physical knowledge language,48.89,2,True
1612,Participant total stuff,113.19,8,True
1613,Already billion magazine various,233.39,0,False
1614,Offer important national,418.44,1,True
1615,Look resource,403.41,7,True
1616,Have professional yes just positive,500.15,8,True
1617,Color follow off fine interesting,121.52,0,False
1618,Rate window simple,406.29,3,True
1619,Western thousand good if water,12.62,4,True
1620,Office wide read window,377.31,2,True
1621,According second order close,428.53,9,True
1622,Opportunity color you book,150.75,7,True
1623,Weight since same find,58.60,9,True
1624,Cell soldier half business,297.64,8,True
1625,She free,83.83,4,True
1626,Common threat gun model,426.19,4,True
1627,Especially night,314.89,10,True
1628,Community event firm,11.41,6,True
1629,Training article again size their,422.73,7,True
1630,Must already these,184.70,3,True
1631,Director beat reduce responsibility,284.10,7,True
1632,Employee institution end,149.88,3,True
1633,Still reflect eight,240.97,10,True
1634,See serve successful line,120.25,6,True
1635,Determine within fund,48.81,4,True
1636,Lay success clearly wear right,87.90,10,True
1637,Debate police agency hope,88.70,5,True
1638,Meeting visit service course,274.52,3,True
1639,Difference family than middle thus,463.85,0,False
1640,Build firm,56.82,4,True
1641,Care plant,188.95,4,True
1642,At woman politics,129.38,7,True
1643,Who meeting,255.20,3,True
1644,Book sit she although,96.32,1,True
1645,Safe production form television,469.46,1,True
1646,Any purpose newspaper,64.09,3,True
1647,Win way,185.21,5,True
1648,Detail successful understand recent year,384.16,0,False
1649,Discussion story trade pay exist,131.23,9,True
1650,Herself human,181.73,0,False
1651,Own garden five enter factor,494.75,4,True
1652,Pm church care,126.55,6,True
1653,Response city future,390.05,5,True
1654,Face office,436.55,10,True
1655,Fast also,107.75,7,True
1656,Region number both morning light,279.31,10,True
1657,Staff training left,10.71,1,True
1658,Toward adult also get,215.35,9,True
1659,Deep guy office prevent crime,12.29,2,True
1660,Wind recognize remember,124.96,9,True
1661,Strong over election,4.11,2,True
1662,Red collection program share,13.29,8,True
1663,Off I,458.16,5,True
1664,Military amount everyone peace,0.22,9,True
1665,Activity main add,391.80,8,True
1666,Age big,353.53,2,True
1667,Might each beautiful,285.35,10,True
1668,Opportunity between nation,207.36,6,True
1669,Glass activity behavior eye,407.85,2,True
1670,Pick above relate,337.62,2,True
1671,Seat collection face stuff,65.41,0,False
1672,Range heavy tax hundred,248.64,8,True
1673,A after sense,83.55,5,True
1674,Available reveal leader teach,291.39,3,True
1675,Key type,167.17,5,True
1676,Significant choose serious,146.89,3,True
1677,Mission argue,278.13,10,True
1678,Raise much nature scene,218.72,4,True
1679,Leave knowledge toward,169.16,6,True
1680,Single face capital,40.73,6,True
1681,Tonight act base suddenly,434.15,7,True
1682,Happy PM finally,122.41,4,True
1683,Bring either stay,343.80,4,True
1684,In personal should,389.32,6,True
1685,Must side grow try history,412.32,0,False
1686,Usually growth step,202.90,7,True
1687,Put total inside,473.32,8,True
1688,Them me couple each necessary,42.79,1,True
1689,Trial parent,95.91,10,True
1690,Nature Democrat case medical,435.88,10,True
1691,Already develop coach risk morning,91.04,8,True
1692,Game add visit upon value,356.40,2,True
1693,Range ask friend,375.00,8,True
1694,Factor protect hold type might,170.46,6,True
1695,Middle plant language throw available,151.61,6,True
1696,Second rather,90.63,8,True
1697,Agent nice physical,298.15,1,True
1698,Approach dream guess director lay,243.20,3,True
1699,Bed class,308.26,1,True
1700,Interest attention whole writer,45.32,8,True
1701,Customer local side necessary,485.24,9,True
1702,New write,271.74,7,True
1703,Hundred still per,385.23,4,True
1704,People social receive travel friend,448.59,6,True
1705,The push,291.63,3,True
1706,Once father play,266.33,9,True
1707,Talk drug individual leg,473.45,5,True
1708,Relate course several somebody suggest,82.38,7,True
1709,Notice boy sign,447.63,4,True
1710,Win kid,97.54,8,True
1711,Trip behavior street,234.52,0,False
1712,Room every film,143.92,8,True
1713,Tonight black where turn tonight,181.20,3,True
1714,Fill might,195.53,8,True
1715,Late mean political many,196.89,0,False
1716,News fill wrong final,453.94,7,True
1717,Dark responsibility,296.23,0,False
1718,Wife maybe of apply understand,37.80,7,True
1719,Rise per husband,343.85,2,True
1720,Particular base investment throughout,118.47,4,True
1721,Investment husband Republican,396.35,10,True
1722,Tell tax scientist task,300.58,0,False
1723,Some eat yard too general,453.27,8,True
1724,Paper remember almost remain,14.86,3,True
1725,Child ability high girl,12.84,1,True
1726,Policy amount suggest,468.21,0,False
1727,Quite if bill,42.55,3,True
1728,Focus among require,140.77,5,True
1729,Of safe fight camera,373.87,4,True
1730,Political baby nation,191.97,2,True
1731,Rise follow speak,387.52,4,True
1732,Gun peace though,317.64,3,True
1733,Pass difference speech more central,396.30,6,True
1734,Generation music indicate,37.06,9,True
1735,Listen recent,293.97,4,True
1736,School he maintain,349.26,0,False
1737,Feeling model others,441.58,8,True
1738,Design gas dark raise,121.76,3,True
1739,Human cost space,195.52,5,True
1740,Bad either those education,74.89,0,False
1741,Watch garden claim,52.76,9,True
1742,Choose simply PM skin,292.37,6,True
1743,Give ago three,104.13,4,True
1744,Perform themselves image,257.22,0,False
1745,Decide bar owner language,140.86,9,True
1746,Whose nation half,291.81,7,True
1747,Section next,210.55,6,True
1748,Hot media major,309.62,6,True
1749,Four west heart doctor,444.88,4,True
1750,Throw day economic body road,445.79,3,True
1751,Sister career,115.73,10,True
1752,Society matter environment,27.37,10,True
1753,Member nation open,477.54,7,True
1754,Foreign and various,201.16,7,True
1755,Store store quite,493.00,5,True
1756,Throughout suggest this,170.89,3,True
1757,Alone owner that,184.84,4,True
1758,Rest daughter government,407.63,4,True
1759,Develop name skill,267.46,8,True
1760,Company approach change care,216.56,6,True
1761,World never make interesting,97.22,3,True
1762,Box stock government specific,93.40,5,True
1763,Soon among teacher view thought,57.72,6,True
1764,Man watch this clear,494.95,0,False
1765,Assume when way pay air,40.05,6,True
1766,Modern together big,483.98,5,True
1767,Movie decade art,273.78,2,True
1768,Respond when enough indicate car,163.67,3,True
1769,Ever first structure,434.65,0,False
1770,Fact side instead,461.55,5,True
1771,Allow local price teacher total,210.19,3,True
1772,Wish early son food,132.38,4,True
1773,Continue image fact card important,25.46,7,True
1774,Capital pay,109.45,0,False
1775,Control ability,497.78,9,True
1776,Idea rock,178.34,1,True
1777,Each report run deep same,491.29,5,True
1778,Film moment act,118.08,3,True
1779,Think collection whole debate board,116.52,5,True
1780,Program five receive,98.91,5,True
1781,Discover protect American piece,475.30,8,True
1782,Have able protect how,49.06,0,False
1783,Light evening,390.89,8,True
1784,Try on commercial,306.65,10,True
1785,Style room produce most,176.86,10,True
1786,Model let focus,203.58,4,True
1787,Always special,12.80,9,True
1788,Around great better federal,462.56,4,True
1789,Four police current,130.17,8,True
1790,While board personal energy,182.64,6,True
1791,Poor few radio interest,346.43,1,True
1792,Drop research,477.22,0,False
1793,Side whole part indeed soon,117.48,0,False
1794,Him director site,42.07,7,True
1795,Old director such,398.22,4,True
1796,Speech break,149.08,6,True
1797,Candidate grow believe century still,394.72,3,True
1798,Smile usually listen,271.89,1,True
1799,Eye war idea,39.54,2,True
1800,May threat,12.93,3,True
1801,Important all cut,493.22,9,True
1802,About mention discover whose,131.99,7,True
1803,Player world particular yeah before,337.56,3,True
1804,Its material owner establish human,361.92,4,True
1805,Federal worry discuss,402.14,9,True
1806,Just degree,278.35,1,True
1807,Similar allow rate,211.83,0,False
1808,Across arm them,334.73,7,True
1809,Drug bad,214.35,7,True
1810,Debate feeling talk single,443.63,2,True
1811,Practice win,40.75,5,True
1812,Watch different bar successful,395.16,1,True
1813,Tend vote theory,249.35,5,True
1814,Spend expert start find country,444.59,3,True
1815,Total likely such,313.83,0,False
1816,Keep team skin style,167.57,7,True
1817,Other produce campaign,405.86,6,True
1818,Office individual tonight,333.86,3,True
1819,Herself ready office response,131.00,0,False
1820,Democratic yes environment,460.17,10,True
1821,Mind card number,307.41,5,True
1822,Happy place particular,143.74,9,True
1823,Explain fall must prove,370.15,5,True
1824,Anyone performance up evidence mind,314.99,4,True
1825,Against certainly another buy,122.39,10,True
1826,Whole use right,80.36,6,True
1827,Operation new idea will throw,419.44,2,True
1828,Participant fight man pay,61.24,6,True
1829,Chance bar down,240.78,9,True
1830,Economic third education,291.16,5,True
1831,Effort former like agreement include,382.56,5,True
1832,Skin ready per political,159.54,7,True
1833,Time nearly under,136.46,7,True
1834,Charge same behind cultural side,209.67,5,True
1835,Dark Mrs film,259.23,8,True
1836,Specific station,314.39,5,True
1837,Perform right discover,155.27,10,True
1838,Discuss full,436.13,9,True
1839,Stage material training,396.09,1,True
1840,Early cold affect risk,146.09,9,True
1841,Behavior safe,424.21,5,True
1842,Current camera final,109.15,2,True
1843,About eye piece,462.93,2,True
1844,Certain though,56.30,3,True
1845,Good father you future specific,462.62,9,True
1846,Myself at debate,483.47,2,True
1847,Low strong smile end wonder,95.06,8,True
1848,Reduce attack move,17.27,10,True
1849,Finally offer compare could,115.34,6,True
1850,Year recognize,187.67,6,True
1851,Century pass commercial range,485.25,2,True
1852,Camera new fish production exist,352.07,2,True
1853,Write life without wind,445.49,6,True
1854,Miss into radio figure,212.77,0,False
1855,Once station assume,315.80,1,True
1856,Alone her,121.17,5,True
1857,Dream ability itself,343.49,4,True
1858,Would take inside research her,34.64,8,True
1859,See perform listen size,366.89,10,True
1860,Investment remember may,228.58,7,True
1861,North federal establish stage,9.49,7,True
1862,Moment themselves international table,251.63,10,True
1863,Opportunity against dog start,481.99,9,True
1864,Travel nature drop sport,355.54,5,True
1865,Summer guy,174.55,6,True
1866,Soon administration yeah institution,296.64,1,True
1867,Former ground,72.72,9,True
1868,Task true light fall,176.88,3,True
1869,Condition away make deep father,432.63,5,True
1870,Task bit offer conference about,3.63,8,True
1871,At analysis central,79.00,6,True
1872,Fine for mention,111.22,8,True
1873,Understand site and,109.89,1,True
1874,History time person large,147.02,4,True
1875,President play hard could,199.97,1,True
1876,Break painting budget Congress,68.18,8,True
1877,Common involve his seven,427.82,3,True
1878,Control add exactly show,123.43,5,True
1879,Page reach central once pull,443.67,1,True
1880,Trade rest budget,38.85,4,True
1881,Also police every,252.55,3,True
1882,Oil soldier as police,462.20,9,True
1883,Window shake get,110.97,10,True
1884,Usually camera onto safe,490.08,4,True
1885,City low hour body similar,330.64,8,True
1886,Establish right standard daughter Mr,209.22,2,True
1887,Natural security,446.14,1,True
1888,Country dream,161.13,5,True
1889,Place score kitchen,104.05,7,True
1890,Social student relationship another,213.80,9,True
1891,With second seek,466.80,0,False
1892,Late certainly itself,50.56,7,True
1893,Ever fill bit local,456.71,8,True
1894,Simple total walk,35.11,4,True
1895,Must glass response Congress,445.95,9,True
1896,Attack every can public that,66.53,7,True
1897,Design specific language,153.19,1,True
1898,Though rich,252.30,1,True
1899,Catch which,266.93,0,False
1900,Enjoy approach hotel,439.03,0,False
1901,Long maybe number think,180.66,10,True
1902,Black represent wall,161.92,1,True
1903,In television music,180.68,5,True
1904,Little project outside behind,196.16,5,True
1905,Wish wife growth,352.89,2,True
1906,Control number soldier stop apply,193.58,10,True
1907,Particularly black big,471.32,2,True
1908,Woman season woman management,391.43,5,True
1909,Identify property,82.74,8,True
1910,Reality offer two,125.55,4,True
1911,Part eight dinner do type,433.85,6,True
1912,Wall technology ever,372.40,3,True
1913,Herself open become every although,197.48,6,True
1914,Media key least,318.85,0,False
1915,Over behavior,139.98,2,True
1916,Federal world me however office,321.40,9,True
1917,Speak her human weight significant,154.27,6,True
1918,Than his reduce,31.92,9,True
1919,Design direction look,463.75,9,True
1920,Worker news pick,129.76,9,True
1921,Dinner discover produce,234.54,2,True
1922,Thousand same research,257.65,10,True
1923,Upon offer write per,338.13,2,True
1924,Speech interesting skin,224.96,9,True
1925,Experience bit from none health,184.43,10,True
1926,Seat lot behavior movement,251.13,8,True
1927,Center act too local experience,480.50,7,True
1928,Author democratic section agree,448.39,7,True
1929,About factor example then,127.97,6,True
1930,Production several magazine sign act,307.83,4,True
1931,Happen worry choose market,454.61,4,True
1932,President thought,219.53,2,True
1933,Role until truth especially,139.67,0,False
1934,Age without,361.21,2,True
1935,Ground food value,370.64,6,True
1936,Note our song similar,57.79,1,True
1937,According candidate total,183.13,0,False
1938,City worry role trouble,93.75,6,True
1939,Doctor fly seat,281.97,3,True
1940,All time,201.56,10,True
1941,Many manage among safe pressure,239.54,9,True
1942,Month report season,351.86,6,True
1943,Any none foot,9.34,6,True
1944,Decide environmental interesting,299.53,10,True
1945,Word memory half,276.79,9,True
1946,Shoulder because skill,385.62,1,True
1947,Apply mission fear,409.32,2,True
1948,Fill arrive ready,291.41,6,True
1949,Natural clearly remain,341.23,1,True
1950,New for people wide live,119.82,0,False
1951,Around summer trouble,385.44,1,True
1952,Attack teacher interest,194.43,3,True
1953,Then sure,348.41,2,True
1954,Town guy them,115.78,3,True
1955,Let notice describe,392.89,8,True
1956,Game your affect,457.95,0,False
1957,While development home,38.27,6,True
1958,Take where perform,206.99,4,True
1959,Environment stand what show Democrat,364.57,6,True
1960,Continue break,491.03,8,True
1961,Growth quite,462.55,3,True
1962,Wear hospital whose past we,241.89,2,True
1963,Better trade should,82.87,10,True
1964,Away across,276.49,10,True
1965,News information physical,18.15,7,True
1966,Address edge lead pretty,342.86,4,True
1967,Everything very,252.80,0,False
1968,Public child red international,378.28,0,False
1969,Growth who performance,160.92,4,True
1970,Investment south send entire,297.92,10,True
1971,Painting school,346.86,0,False
1972,Once stuff somebody need,414.44,10,True
1973,Door center quite,449.74,2,True
1974,Well take too,246.96,3,True
1975,Increase test sport,353.26,1,True
1976,Laugh from believe,236.20,9,True
1977,Maybe meet bit,233.22,7,True
1978,Let pull,70.98,2,True
1979,Poor chair treatment,198.10,5,True
1980,Range bring idea sign including,218.84,2,True
1981,Whole lawyer daughter,425.82,9,True
1982,Speech no attention its,281.00,3,True
1983,Hundred doctor sister every,248.47,2,True
1984,Nice scientist,182.37,4,True
1985,Skin bank approach discuss,5.04,1,True
1986,Building four remain first,163.93,8,True
1987,Operation us two hair,381.29,10,True
1988,Can white miss,216.69,6,True
1989,Party surface story lot capital,41.81,0,False
1990,Be above imagine,490.74,8,True
1991,Lead new yes question,424.75,2,True
1992,Difficult require,197.85,4,True
1993,Democrat his same pattern professor,88.43,3,True
1994,Final keep environment front,467.94,10,True
1995,Yet shake will,380.47,9,True
1996,Commercial street ahead,248.12,7,True
1997,However recently happen,431.57,1,True
1998,More air big land,409.18,8,True
1999,Beat population conference,307.24,0,False
