0,24,1,124,Rather community pick between,https://dummyimage.com/640x480,Fashion,5,153.74,768.7,1980-01-27 23:32:57,Fulfilled
1,96,54,16,Language indeed bring,https://picsum.photos/640/480,Books,5,3.65,18.25,1993-08-24 15:03:35,In Progress
2,95,90,183,Produce really try nothing,https://picsum.photos/640/480,Music,19,464.3,8821.7,2005-11-30 18:47:53,Fulfilled
3,8,78,166,Project game right benefit police,https://picsum.photos/640/480,Basics,16,462.88,7406.08,2001-12-05 00:21:37,In Progress
4,13,74,105,Magazine star,https://dummyimage.com/640x480,Groceries,14,488.21,6834.94,2012-06-16 15:06:43,In Progress
5,84,52,167,Trial strategy hot street,https://dummyimage.com/640x480,Music,14,419.11,5867.54,1991-03-01 22:04:59,In Progress
6,62,37,46,There wait may enter,https://picsum.photos/640/480,Pharmacy,6,229.95,1379.6999999999998,1986-09-18 14:47:37,In Progress
7,50,46,170,Lay point,https://placekitten.com/640/480,Pharmacy,20,341.96,6839.2,1995-01-15 06:23:22,Fulfilled
8,19,79,73,Country dinner,https://placekitten.com/640/480,Fashion,18,409.73,7375.14,1993-04-19 00:12:48,In Progress
9,68,46,126,History animal authority bag,https://dummyimage.com/640x480,Music,16,158.23,2531.68,2021-02-07 22:05:39,Fulfilled
10,45,54,164,Think your stage kid,https://dummyimage.com/640x480,Groceries,20,385.3,7706.0,2011-01-01 02:05:48,Fulfilled
11,11,51,12,Indicate foot,https://dummyimage.com/640x480,Books,11,449.02,4939.219999999999,1982-06-16 07:04:08,Fulfilled
12,92,90,183,Produce really try nothing,https://picsum.photos/640/480,Music,2,464.3,928.6,2003-03-21 05:10:04,Fulfilled
13,14,52,119,Discover family property for,https://picsum.photos/640/480,Books,18,15.15,272.7,1992-06-18 20:46:30,In Progress
14,81,54,90,Eight sister party,https://dummyimage.com/640x480,Pharmacy,20,170.92,3418.3999999999996,2019-04-08 07:24:24,In Progress
15,69,90,182,Democrat something everybody,https://picsum.photos/640/480,Pharmacy,12,496.67,5960.04,1994-12-04 16:06:20,Fulfilled
16,55,54,68,Relationship lead,https://picsum.photos/640/480,Music,20,120.43,2408.6000000000004,2003-04-19 22:28:11,In Progress
17,66,52,119,Discover family property for,https://picsum.photos/640/480,Books,3,15.15,45.45,2010-08-11 04:26:18,Fulfilled
18,10,79,73,Country dinner,https://placekitten.com/640/480,Fashion,20,409.73,8194.6,2007-06-27 00:50:36,Fulfilled
19,22,79,72,Control third,https://dummyimage.com/640x480,Groceries,13,355.28,4618.639999999999,2019-12-04 06:35:40,In Progress
20,17,53,147,Today often pressure paper,https://placekitten.com/640/480,Groceries,19,155.39,2952.41,1970-02-19 03:04:55,Fulfilled
21,15,74,150,Road maybe,https://placekitten.com/640/480,Fashion,8,227.68,1821.44,2002-04-06 14:58:24,In Progress
22,69,37,46,There wait may enter,https://picsum.photos/640/480,Pharmacy,19,229.95,4369.05,2011-10-13 10:52:09,In Progress
23,71,52,63,Kitchen effort,https://picsum.photos/640/480,Pharmacy,4,54.35,217.4,1979-04-20 22:11:44,In Progress
24,34,84,108,Much job threat,https://placekitten.com/640/480,Groceries,4,297.78,1191.12,2019-04-28 18:38:50,In Progress
25,83,10,198,Rest magazine save we,https://picsum.photos/640/480,Basics,14,481.12,6735.68,1983-02-22 04:04:42,Fulfilled
26,10,79,17,Institution agency which,https://dummyimage.com/640x480,Music,19,209.18,3974.42,1984-03-31 23:46:01,In Progress
27,83,37,88,Trip clearly,https://placekitten.com/640/480,Groceries,15,339.97,5099.55,1982-08-31 06:38:09,In Progress
28,5,90,87,Lawyer who effect painting,https://picsum.photos/640/480,Pharmacy,16,199.54,3192.64,2009-04-26 10:11:55,In Progress
29,30,20,80,Several mouth camera culture remain,https://dummyimage.com/640x480,Pharmacy,2,432.58,865.16,1976-01-10 16:53:22,Fulfilled
30,56,20,65,Town than director top,https://placekitten.com/640/480,Fashion,15,230.74,3461.1000000000004,1988-09-26 17:50:21,Fulfilled
31,49,52,119,Discover family property for,https://picsum.photos/640/480,Books,14,15.15,212.1,2013-06-20 18:16:32,Fulfilled
32,66,46,126,History animal authority bag,https://dummyimage.com/640x480,Music,19,158.23,3006.37,2009-10-12 14:30:47,In Progress
33,36,20,1,Song new natural discuss,https://dummyimage.com/640x480,Fashion,16,422.09,6753.44,2002-08-07 13:42:33,Fulfilled
34,79,54,164,Think your stage kid,https://dummyimage.com/640x480,Groceries,18,385.3,6935.400000000001,2011-02-19 04:35:29,Fulfilled
35,81,92,152,Section ability,https://dummyimage.com/640x480,Music,7,2.52,17.64,2023-02-01 23:34:11,Fulfilled
36,80,10,24,Would again low,https://dummyimage.com/640x480,Tech,17,112.23,1907.91,1990-08-11 19:59:49,In Progress
37,79,46,31,Mother last score,https://dummyimage.com/640x480,Music,19,203.16,3860.04,1984-04-21 07:32:48,In Progress
38,46,28,154,Ever remain cut,https://placekitten.com/640/480,Pharmacy,12,231.47,2777.64,1972-07-26 12:20:46,In Progress
39,66,10,50,Window contain office,https://dummyimage.com/640x480,Fashion,11,48.7,535.7,1995-05-06 17:31:43,Fulfilled
40,98,74,105,Magazine star,https://dummyimage.com/640x480,Groceries,2,488.21,976.42,2019-07-26 12:34:28,In Progress
41,42,78,166,Project game right benefit police,https://picsum.photos/640/480,Basics,9,462.88,4165.92,2014-01-06 12:39:51,In Progress
42,75,46,9,Quickly involve of service,https://dummyimage.com/640x480,Pharmacy,4,122.31,489.24,2003-09-17 06:04:18,In Progress
43,70,10,81,School serve perhaps,https://placekitten.com/640/480,Books,3,301.24,903.72,2006-02-18 07:56:59,In Progress
44,47,1,178,Item writer when similar special,https://dummyimage.com/640x480,Pharmacy,12,1.95,23.4,1977-08-29 22:50:36,In Progress
45,70,78,123,Manager she sign hear college,https://placekitten.com/640/480,Tech,9,25.44,228.96,1970-06-24 06:22:51,Fulfilled
46,1,78,143,Although about begin,https://dummyimage.com/640x480,Basics,19,346.19,6577.61,2022-07-27 03:27:38,In Progress
47,34,90,32,Computer throughout able how,https://placekitten.com/640/480,Basics,16,493.52,7896.32,1996-11-24 15:26:11,Fulfilled
48,36,1,138,Really our clearly letter air,https://placekitten.com/640/480,Books,9,327.29,2945.61,2015-07-13 06:59:45,In Progress
49,3,10,51,Program possible performance,https://picsum.photos/640/480,Basics,5,370.0,1850.0,1996-02-03 18:38:29,Fulfilled
50,58,10,69,Few three training her,https://picsum.photos/640/480,Books,17,229.11,3894.8700000000003,2014-02-22 01:18:22,In Progress
51,20,1,178,Item writer when similar special,https://dummyimage.com/640x480,Pharmacy,6,1.95,11.7,2002-08-24 03:58:46,Fulfilled
52,96,53,76,Others show,https://dummyimage.com/640x480,Basics,1,121.1,121.1,1988-09-25 12:31:50,In Progress
53,5,52,187,May performance,https://dummyimage.com/640x480,Books,18,120.04,2160.7200000000003,1990-12-12 16:02:58,Fulfilled
54,9,82,186,Idea far,https://placekitten.com/640/480,Basics,11,443.51,4878.61,2001-06-05 17:37:41,Fulfilled
55,76,82,11,Democrat one could,https://picsum.photos/640/480,Pharmacy,12,477.11,5725.32,2022-05-22 20:52:30,In Progress
56,17,53,155,Take large everything strong,https://picsum.photos/640/480,Books,14,81.49,1140.86,2003-11-21 03:26:46,Fulfilled
57,25,92,159,Material physical my from,https://picsum.photos/640/480,Groceries,11,278.0,3058.0,2021-01-29 13:44:15,In Progress
58,48,52,49,Until brother strong star,https://picsum.photos/640/480,Pharmacy,15,466.8,7002.0,2022-07-07 03:05:42,Fulfilled
59,18,20,96,Much nature scene interview table,https://dummyimage.com/640x480,Music,17,63.59,1081.03,1972-07-09 16:36:21,Fulfilled
60,87,54,181,Growth bag end kind what,https://placekitten.com/640/480,Tech,17,194.14,3300.3799999999997,2006-12-28 19:50:39,Fulfilled
61,41,92,35,Continue certain drive public food,https://picsum.photos/640/480,Books,8,350.46,2803.68,2006-08-01 05:08:25,In Progress
62,85,10,198,Rest magazine save we,https://picsum.photos/640/480,Basics,8,481.12,3848.96,2021-01-08 14:56:10,Fulfilled
63,48,26,22,Her once success four into,https://dummyimage.com/640x480,Fashion,20,233.43,4668.6,1979-05-26 10:32:05,In Progress
64,80,90,183,Produce really try nothing,https://picsum.photos/640/480,Music,2,464.3,928.6,1983-05-20 11:45:38,Fulfilled
65,24,20,162,Move understand,https://picsum.photos/640/480,Groceries,7,8.11,56.769999999999996,2007-08-12 23:05:47,In Progress
66,65,28,168,Yet include western card,https://picsum.photos/640/480,Fashion,17,364.92,6203.64,2012-10-14 05:48:55,In Progress
67,70,54,101,Art movement college purpose miss,https://placekitten.com/640/480,Groceries,15,354.76,5321.4,2023-06-27 13:15:36,Fulfilled
68,80,82,186,Idea far,https://placekitten.com/640/480,Basics,13,443.51,5765.63,1974-01-15 23:55:43,Fulfilled
69,40,52,63,Kitchen effort,https://picsum.photos/640/480,Pharmacy,12,54.35,652.2,2012-10-10 12:37:58,Fulfilled
70,55,46,126,History animal authority bag,https://dummyimage.com/640x480,Music,7,158.23,1107.61,2011-12-12 16:56:36,Fulfilled
71,31,74,133,Style close,https://placekitten.com/640/480,Basics,1,451.18,451.18,1972-10-08 23:40:15,Fulfilled
72,89,28,64,Economic Mrs issue,https://picsum.photos/640/480,Tech,16,115.23,1843.68,1973-09-29 04:57:46,In Progress
73,5,90,93,Must already these,https://dummyimage.com/640x480,Pharmacy,20,184.7,3694.0,2022-08-06 15:25:59,In Progress
74,77,90,77,Age young,https://dummyimage.com/640x480,Groceries,11,58.91,648.01,1976-08-21 17:13:21,Fulfilled
75,39,90,158,Scientist wonder past operation,https://placekitten.com/640/480,Tech,13,490.77,6380.01,2009-09-19 09:00:13,In Progress
76,74,64,42,Because conference street,https://picsum.photos/640/480,Tech,13,437.82,5691.66,1995-07-25 16:12:03,Fulfilled
77,8,78,153,Whole performance,https://picsum.photos/640/480,Basics,5,121.43,607.1500000000001,2015-07-27 06:18:02,Fulfilled
78,99,90,77,Age young,https://dummyimage.com/640x480,Groceries,9,58.91,530.1899999999999,1982-12-07 05:46:53,Fulfilled
79,88,78,28,Possible guy,https://dummyimage.com/640x480,Pharmacy,18,267.29,4811.22,1998-11-01 09:55:37,Fulfilled
80,50,92,159,Material physical my from,https://picsum.photos/640/480,Groceries,1,278.0,278.0,2010-10-14 11:49:51,In Progress
81,41,1,190,Shoulder course,https://picsum.photos/640/480,Pharmacy,15,162.81,2442.15,2001-10-13 13:07:52,Fulfilled
82,41,10,50,Window contain office,https://dummyimage.com/640x480,Fashion,11,48.7,535.7,2013-05-31 03:05:35,Fulfilled
83,19,53,155,Take large everything strong,https://picsum.photos/640/480,Books,11,81.49,896.39,1993-01-06 15:40:42,Fulfilled
84,87,1,56,Degree strong over authority,https://dummyimage.com/640x480,Books,6,299.29,1795.7400000000002,1998-03-29 23:47:26,In Progress
85,67,82,100,Left provide rule man,https://dummyimage.com/640x480,Fashion,1,388.94,388.94,1984-04-10 11:03:53,Fulfilled
86,94,53,110,Movement single behind,https://placekitten.com/640/480,Groceries,2,281.5,563.0,2008-07-30 12:43:20,In Progress
87,82,54,91,Work opportunity such true,https://dummyimage.com/640x480,Tech,18,249.24,4486.32,2020-12-17 04:07:57,In Progress
88,96,28,64,Economic Mrs issue,https://picsum.photos/640/480,Tech,4,115.23,460.92,2011-06-13 14:07:19,In Progress
89,94,46,14,Defense too check event,https://placekitten.com/640/480,Pharmacy,3,7.19,21.57,2000-12-05 07:00:50,In Progress
90,99,10,81,School serve perhaps,https://placekitten.com/640/480,Books,9,301.24,2711.16,1982-01-06 01:40:27,Fulfilled
91,71,74,114,Gas first laugh,https://dummyimage.com/640x480,Music,7,424.34,2970.3799999999997,2015-03-15 06:12:56,Fulfilled
92,4,1,56,Degree strong over authority,https://dummyimage.com/640x480,Books,6,299.29,1795.7400000000002,2005-11-22 04:14:14,In Progress
93,54,52,49,Until brother strong star,https://picsum.photos/640/480,Pharmacy,18,466.8,8402.4,1994-11-13 15:58:45,Fulfilled
94,41,79,148,Stand Mrs past half,https://placekitten.com/640/480,Pharmacy,14,265.57,3717.98,1999-04-06 19:16:40,In Progress
95,52,79,157,Force gun sing participant,https://placekitten.com/640/480,Fashion,8,79.21,633.68,1974-02-20 12:37:59,In Progress
96,58,51,82,Official anything,https://placekitten.com/640/480,Fashion,11,76.6,842.5999999999999,1997-02-15 10:07:15,Fulfilled
97,15,10,24,Would again low,https://dummyimage.com/640x480,Tech,5,112.23,561.15,2020-03-16 16:06:21,Fulfilled
98,41,1,13,Cell foot night,https://dummyimage.com/640x480,Fashion,18,442.13,7958.34,2016-08-06 14:03:45,In Progress
99,1,92,152,Section ability,https://dummyimage.com/640x480,Music,10,2.52,25.2,1993-12-26 02:35:05,Fulfilled
100,55,51,128,Hundred whole baby eye,https://dummyimage.com/640x480,Groceries,3,134.75,404.25,1971-01-04 16:17:39,Fulfilled
101,75,82,100,Left provide rule man,https://dummyimage.com/640x480,Fashion,6,388.94,2333.64,2021-04-01 16:18:30,In Progress
102,78,20,1,Song new natural discuss,https://dummyimage.com/640x480,Fashion,19,422.09,8019.709999999999,2008-06-30 04:35:24,In Progress
103,36,46,31,Mother last score,https://dummyimage.com/640x480,Music,18,203.16,3656.88,1973-09-25 07:35:56,In Progress
104,35,92,35,Continue certain drive public food,https://picsum.photos/640/480,Books,13,350.46,4555.98,2010-05-10 02:51:35,In Progress
105,47,52,74,Space once natural strategy task,https://placekitten.com/640/480,Pharmacy,17,245.41,4171.97,2014-01-05 21:33:32,Fulfilled
106,42,1,134,After outside,https://dummyimage.com/640x480,Books,5,379.01,1895.05,2020-02-10 19:07:46,Fulfilled
107,81,37,70,Once team other,https://dummyimage.com/640x480,Fashion,9,321.94,2897.46,2007-09-24 11:23:58,Fulfilled
108,42,58,102,Best analysis light evening,https://picsum.photos/640/480,Tech,18,390.89,7036.0199999999995,2013-12-25 23:55:53,In Progress
109,16,1,135,Each share teacher,https://picsum.photos/640/480,Basics,20,38.34,766.8000000000001,2023-03-12 19:08:29,Fulfilled
110,69,1,13,Cell foot night,https://dummyimage.com/640x480,Fashion,11,442.13,4863.43,2014-05-01 15:07:24,Fulfilled
111,11,53,109,Our section now,https://placekitten.com/640/480,Music,1,417.35,417.35,1974-03-25 07:23:12,In Progress
112,44,37,111,Service along after beyond hour,https://dummyimage.com/640x480,Books,17,320.67,5451.39,2000-01-19 18:31:32,In Progress
113,34,26,92,Ball structure,https://dummyimage.com/640x480,Basics,1,365.73,365.73,2011-08-12 16:29:19,In Progress
114,40,58,44,Begin wear surface cup,https://placekitten.com/640/480,Basics,4,212.33,849.32,2003-06-18 06:34:58,Fulfilled
115,33,20,146,Six none employee,https://dummyimage.com/640x480,Pharmacy,10,128.49,1284.9,2019-04-01 04:49:50,In Progress
116,16,54,101,Art movement college purpose miss,https://placekitten.com/640/480,Groceries,11,354.76,3902.3599999999997,1982-11-15 05:45:30,Fulfilled
117,51,52,38,Compare kid themselves road,https://placekitten.com/640/480,Music,20,319.71,6394.2,2010-01-07 00:33:03,Fulfilled
118,73,28,62,Report professional commercial,https://picsum.photos/640/480,Music,18,72.01,1296.18,2019-11-28 21:57:56,In Progress
119,80,54,181,Growth bag end kind what,https://placekitten.com/640/480,Tech,17,194.14,3300.3799999999997,2008-03-25 05:50:40,Fulfilled
120,66,52,192,Type daughter always,https://placekitten.com/640/480,Groceries,6,10.16,60.96,1981-03-07 03:30:28,In Progress
121,64,78,153,Whole performance,https://picsum.photos/640/480,Basics,10,121.43,1214.3000000000002,1975-02-09 00:26:37,Fulfilled
122,20,90,77,Age young,https://dummyimage.com/640x480,Groceries,15,58.91,883.65,2010-11-12 11:05:12,In Progress
123,98,53,147,Today often pressure paper,https://placekitten.com/640/480,Groceries,9,155.39,1398.5099999999998,1984-10-20 03:03:08,In Progress
124,88,92,161,Enough tell phone experience,https://dummyimage.com/640x480,Fashion,16,61.92,990.72,2012-09-18 19:05:46,In Progress
125,21,54,57,Drug follow play,https://placekitten.com/640/480,Groceries,10,337.99,3379.9,2000-10-17 20:26:24,Fulfilled
126,40,90,196,Pattern scientist social up though,https://placekitten.com/640/480,Basics,18,329.98,5939.64,2003-01-27 09:41:17,Fulfilled
127,25,54,91,Work opportunity such true,https://dummyimage.com/640x480,Tech,11,249.24,2741.6400000000003,1973-11-15 13:07:17,In Progress
128,3,20,26,Own key newspaper,https://picsum.photos/640/480,Fashion,10,448.86,4488.6,2010-04-27 22:03:17,Fulfilled
129,66,90,87,Lawyer who effect painting,https://picsum.photos/640/480,Pharmacy,7,199.54,1396.78,1984-02-13 19:23:49,In Progress
130,77,74,114,Gas first laugh,https://dummyimage.com/640x480,Music,14,424.34,5940.759999999999,2013-05-09 22:15:20,In Progress
131,65,52,187,May performance,https://dummyimage.com/640x480,Books,2,120.04,240.08,2016-08-25 18:35:52,In Progress
132,0,46,118,Who memory over,https://dummyimage.com/640x480,Groceries,19,408.13,7754.47,1994-11-30 23:36:33,In Progress
133,75,84,25,Despite child thing radio ago,https://dummyimage.com/640x480,Basics,10,431.58,4315.8,1986-12-26 19:25:24,In Progress
134,93,79,73,Country dinner,https://placekitten.com/640/480,Fashion,1,409.73,409.73,2009-08-22 08:43:00,Fulfilled
135,46,54,84,Half girl military,https://picsum.photos/640/480,Groceries,7,328.69,2300.83,2021-12-23 22:14:06,Fulfilled
136,74,20,65,Town than director top,https://placekitten.com/640/480,Fashion,9,230.74,2076.66,2007-10-28 23:53:06,Fulfilled
137,48,20,162,Move understand,https://picsum.photos/640/480,Groceries,2,8.11,16.22,2013-10-16 19:32:57,Fulfilled
138,14,74,133,Style close,https://placekitten.com/640/480,Basics,15,451.18,6767.7,2000-11-17 01:01:06,Fulfilled
139,46,10,50,Window contain office,https://dummyimage.com/640x480,Fashion,19,48.7,925.3000000000001,1972-07-19 21:53:35,In Progress
140,5,10,50,Window contain office,https://dummyimage.com/640x480,Fashion,15,48.7,730.5,1972-08-06 10:58:57,In Progress
141,51,37,88,Trip clearly,https://placekitten.com/640/480,Groceries,11,339.97,3739.67,1997-01-20 11:57:03,In Progress
142,7,52,49,Until brother strong star,https://picsum.photos/640/480,Pharmacy,10,466.8,4668.0,1980-02-14 08:30:58,In Progress
143,14,58,102,Best analysis light evening,https://picsum.photos/640/480,Tech,2,390.89,781.78,2003-05-24 11:56:54,In Progress
144,58,90,183,Produce really try nothing,https://picsum.photos/640/480,Music,6,464.3,2785.8,1981-04-18 00:48:36,Fulfilled
145,51,82,6,Sell nature,https://dummyimage.com/640x480,Tech,2,120.73,241.46,1989-04-20 01:08:35,Fulfilled
146,17,46,36,Glass Mr my night,https://picsum.photos/640/480,Books,16,452.55,7240.8,1979-10-08 13:28:49,In Progress
147,27,46,31,Mother last score,https://dummyimage.com/640x480,Music,4,203.16,812.64,1975-08-27 18:33:41,In Progress
148,99,10,151,Sound law relate music community,https://dummyimage.com/640x480,Tech,10,379.87,3798.7,1988-05-29 21:04:10,In Progress
149,96,82,11,Democrat one could,https://picsum.photos/640/480,Pharmacy,1,477.11,477.11,1978-03-09 08:22:37,Fulfilled
150,66,92,8,Remember similar rise employee,https://dummyimage.com/640x480,Music,1,276.37,276.37,1995-11-12 12:14:33,In Progress
151,23,46,174,Foreign fill public production,https://placekitten.com/640/480,Fashion,7,147.16,1030.12,2020-05-25 12:40:55,Fulfilled
152,75,54,68,Relationship lead,https://picsum.photos/640/480,Music,11,120.43,1324.73,2008-11-24 22:33:05,In Progress
153,18,90,142,Chair change explain entire move,https://picsum.photos/640/480,Tech,12,113.43,1361.16,2020-05-31 18:20:16,In Progress
154,55,51,12,Indicate foot,https://dummyimage.com/640x480,Books,19,449.02,8531.38,2009-12-14 14:52:06,Fulfilled
155,11,1,178,Item writer when similar special,https://dummyimage.com/640x480,Pharmacy,11,1.95,21.45,1981-12-25 05:58:23,Fulfilled
156,42,26,3,With teacher once style,https://dummyimage.com/640x480,Books,15,258.36,3875.4,1993-07-09 05:05:41,In Progress
157,62,90,196,Pattern scientist social up though,https://placekitten.com/640/480,Basics,6,329.98,1979.88,1999-10-02 11:11:47,In Progress
158,66,90,182,Democrat something everybody,https://picsum.photos/640/480,Pharmacy,1,496.67,496.67,2023-08-11 01:27:47,Fulfilled
159,81,20,162,Move understand,https://picsum.photos/640/480,Groceries,12,8.11,97.32,1991-07-30 12:30:42,Fulfilled
160,63,37,107,Accept manage Mrs at,https://dummyimage.com/640x480,Books,7,22.35,156.45000000000002,1987-11-28 22:12:32,Fulfilled
161,4,90,158,Scientist wonder past operation,https://placekitten.com/640/480,Tech,2,490.77,981.54,2019-08-03 03:35:22,In Progress
162,98,64,40,Some teacher medical hit idea,https://placekitten.com/640/480,Fashion,17,375.57,6384.69,1984-07-28 22:59:53,Fulfilled
163,7,78,188,Notice less,https://dummyimage.com/640x480,Basics,18,115.44,2077.92,1981-01-23 10:44:30,Fulfilled
164,54,46,141,Against bed protect,https://dummyimage.com/640x480,Basics,9,288.64,2597.7599999999998,1995-07-04 21:35:06,In Progress
165,80,10,81,School serve perhaps,https://placekitten.com/640/480,Books,5,301.24,1506.2,2019-09-18 13:12:20,Fulfilled
166,10,26,3,With teacher once style,https://dummyimage.com/640x480,Books,4,258.36,1033.44,1989-08-31 12:44:39,In Progress
167,59,20,2,Professional identify stand positive,https://picsum.photos/640/480,Pharmacy,5,358.13,1790.65,2004-01-30 03:00:47,In Progress
168,83,28,168,Yet include western card,https://picsum.photos/640/480,Fashion,10,364.92,3649.2000000000003,2008-09-25 11:29:55,In Progress
169,79,78,123,Manager she sign hear college,https://placekitten.com/640/480,Tech,16,25.44,407.04,2009-04-22 14:31:50,Fulfilled
170,79,20,130,Claim professional avoid,https://dummyimage.com/640x480,Tech,19,153.15,2909.85,1976-07-27 09:20:14,In Progress
171,81,1,138,Really our clearly letter air,https://placekitten.com/640/480,Books,20,327.29,6545.8,1984-09-18 06:52:33,Fulfilled
172,48,46,174,Foreign fill public production,https://placekitten.com/640/480,Fashion,2,147.16,294.32,2020-11-02 06:38:39,In Progress
173,31,46,106,Assume pay support,https://picsum.photos/640/480,Basics,5,43.9,219.5,2010-03-02 10:24:41,In Progress
174,28,64,40,Some teacher medical hit idea,https://placekitten.com/640/480,Fashion,6,375.57,2253.42,2012-11-27 07:33:05,Fulfilled
175,48,64,175,Do down act two difference,https://placekitten.com/640/480,Fashion,6,310.56,1863.3600000000001,2001-10-22 13:45:50,Fulfilled
176,13,79,157,Force gun sing participant,https://placekitten.com/640/480,Fashion,2,79.21,158.42,1995-12-01 21:55:05,Fulfilled
177,10,37,20,Series the sometimes,https://dummyimage.com/640x480,Tech,18,217.48,3914.64,1978-11-09 20:19:06,Fulfilled
178,45,54,16,Language indeed bring,https://picsum.photos/640/480,Books,14,3.65,51.1,1980-01-30 04:22:47,Fulfilled
179,89,90,183,Produce really try nothing,https://picsum.photos/640/480,Music,14,464.3,6500.2,2019-01-10 20:23:26,Fulfilled
180,92,58,58,Far key agent,https://placekitten.com/640/480,Tech,19,477.43,9071.17,1990-03-22 11:54:54,Fulfilled
181,77,78,131,General strategy against,https://picsum.photos/640/480,Groceries,17,9.26,157.42,1982-10-20 02:12:11,Fulfilled
182,46,46,141,Against bed protect,https://dummyimage.com/640x480,Basics,4,288.64,1154.56,2007-10-05 11:43:48,In Progress
183,46,20,1,Song new natural discuss,https://dummyimage.com/640x480,Fashion,18,422.09,7597.62,1976-07-16 21:19:09,In Progress
184,13,74,37,Itself prove enjoy someone,https://dummyimage.com/640x480,Pharmacy,13,195.83,2545.79,2002-09-24 01:21:33,Fulfilled
185,87,52,38,Compare kid themselves road,https://placekitten.com/640/480,Music,2,319.71,639.42,2018-10-15 10:11:08,Fulfilled
186,30,46,174,Foreign fill public production,https://placekitten.com/640/480,Fashion,10,147.16,1471.6,1975-11-24 04:00:29,In Progress
187,90,10,51,Program possible performance,https://picsum.photos/640/480,Basics,16,370.0,5920.0,2003-11-30 08:39:16,In Progress
188,79,20,26,Own key newspaper,https://picsum.photos/640/480,Fashion,1,448.86,448.86,2015-03-04 17:28:48,Fulfilled
189,64,64,42,Because conference street,https://picsum.photos/640/480,Tech,14,437.82,6129.48,1970-08-18 05:56:41,Fulfilled
190,85,90,27,Project boy some,https://picsum.photos/640/480,Basics,6,38.18,229.07999999999998,2016-06-12 23:01:51,In Progress
191,20,92,129,Rather although rest,https://dummyimage.com/640x480,Tech,11,142.8,1570.8000000000002,1990-06-14 19:51:49,In Progress
192,76,10,69,Few three training her,https://picsum.photos/640/480,Books,11,229.11,2520.21,2008-02-07 01:40:21,In Progress
193,69,46,170,Lay point,https://placekitten.com/640/480,Pharmacy,10,341.96,3419.6,1993-03-09 19:55:23,Fulfilled
194,83,10,51,Program possible performance,https://picsum.photos/640/480,Basics,7,370.0,2590.0,1983-07-25 18:27:42,In Progress
195,20,53,147,Today often pressure paper,https://placekitten.com/640/480,Groceries,6,155.39,932.3399999999999,1989-05-05 00:03:05,In Progress
196,78,46,170,Lay point,https://placekitten.com/640/480,Pharmacy,2,341.96,683.92,2023-03-16 05:19:11,Fulfilled
197,94,1,13,Cell foot night,https://dummyimage.com/640x480,Fashion,9,442.13,3979.17,1971-10-06 17:14:26,Fulfilled
198,9,54,68,Relationship lead,https://picsum.photos/640/480,Music,2,120.43,240.86,2017-10-19 17:28:33,Fulfilled
199,0,46,31,Mother last score,https://dummyimage.com/640x480,Music,1,203.16,203.16,1983-04-27 18:11:17,In Progress
200,32,92,115,President leave particular,https://dummyimage.com/640x480,Fashion,1,427.09,427.09,2007-07-23 07:24:25,In Progress
201,38,78,28,Possible guy,https://dummyimage.com/640x480,Pharmacy,18,267.29,4811.22,1973-10-15 00:38:26,In Progress
202,27,20,80,Several mouth camera culture remain,https://dummyimage.com/640x480,Pharmacy,17,432.58,7353.86,1992-11-04 23:35:53,In Progress
203,44,20,146,Six none employee,https://dummyimage.com/640x480,Pharmacy,11,128.49,1413.39,2023-01-14 06:51:03,Fulfilled
204,75,92,197,First one I,https://dummyimage.com/640x480,Tech,1,323.35,323.35,1979-02-21 10:08:05,In Progress
205,70,90,77,Age young,https://dummyimage.com/640x480,Groceries,18,58.91,1060.3799999999999,1974-03-31 18:25:53,In Progress
206,24,54,91,Work opportunity such true,https://dummyimage.com/640x480,Tech,17,249.24,4237.08,2000-12-21 13:58:25,In Progress
207,48,82,6,Sell nature,https://dummyimage.com/640x480,Tech,11,120.73,1328.03,2008-11-22 08:36:28,Fulfilled
208,35,64,144,Deep sing,https://picsum.photos/640/480,Tech,1,405.89,405.89,1986-03-16 05:37:47,Fulfilled
209,21,51,171,Piece exist majority style east,https://placekitten.com/640/480,Books,15,249.88,3748.2,2017-06-04 20:39:14,Fulfilled
210,36,46,174,Foreign fill public production,https://placekitten.com/640/480,Fashion,17,147.16,2501.72,1992-01-21 12:06:03,In Progress
211,67,1,178,Item writer when similar special,https://dummyimage.com/640x480,Pharmacy,19,1.95,37.05,2004-12-27 13:30:16,Fulfilled
212,46,78,188,Notice less,https://dummyimage.com/640x480,Basics,4,115.44,461.76,1996-02-14 23:25:37,Fulfilled
213,7,54,176,Kitchen recognize natural,https://placekitten.com/640/480,Pharmacy,20,421.89,8437.8,2012-05-10 03:06:21,In Progress
214,41,53,179,Decade money,https://picsum.photos/640/480,Fashion,2,153.6,307.2,1983-05-24 06:05:30,In Progress
215,57,46,14,Defense too check event,https://placekitten.com/640/480,Pharmacy,1,7.19,7.19,2022-10-30 11:48:06,Fulfilled
216,84,78,123,Manager she sign hear college,https://placekitten.com/640/480,Tech,8,25.44,203.52,2013-10-15 15:47:11,In Progress
217,90,74,21,Special night debate say professional,https://picsum.photos/640/480,Groceries,7,500.44,3503.08,2018-08-10 20:48:24,Fulfilled
218,6,10,50,Window contain office,https://dummyimage.com/640x480,Fashion,6,48.7,292.20000000000005,1983-08-15 20:43:14,In Progress
219,73,1,190,Shoulder course,https://picsum.photos/640/480,Pharmacy,13,162.81,2116.53,2020-04-13 01:14:52,In Progress
220,38,54,176,Kitchen recognize natural,https://placekitten.com/640/480,Pharmacy,17,421.89,7172.13,1986-06-23 08:19:08,In Progress
221,49,92,173,Nation public three imagine ask,https://dummyimage.com/640x480,Basics,20,343.74,6874.8,2000-07-18 20:16:19,Fulfilled
222,39,26,3,With teacher once style,https://dummyimage.com/640x480,Books,9,258.36,2325.2400000000002,2009-10-17 04:38:55,Fulfilled
223,81,90,183,Produce really try nothing,https://picsum.photos/640/480,Music,20,464.3,9286.0,1992-04-03 21:12:29,Fulfilled
224,40,52,67,Dog most,https://dummyimage.com/640x480,Books,12,307.14,3685.68,2010-03-21 08:33:56,Fulfilled
225,88,79,72,Control third,https://dummyimage.com/640x480,Groceries,9,355.28,3197.5199999999995,2023-02-03 13:40:46,In Progress
226,59,1,134,After outside,https://dummyimage.com/640x480,Books,19,379.01,7201.19,1977-02-27 08:52:35,In Progress
227,57,10,52,Allow her anyone sure,https://dummyimage.com/640x480,Tech,16,472.67,7562.72,2018-11-19 10:58:56,In Progress
228,67,78,95,Training left after bit toward,https://placekitten.com/640/480,Books,13,9.06,117.78,1983-11-23 07:42:54,Fulfilled
229,84,90,183,Produce really try nothing,https://picsum.photos/640/480,Music,11,464.3,5107.3,2009-01-03 22:20:13,In Progress
230,12,51,53,Why performance way task,https://placekitten.com/640/480,Basics,13,382.35,4970.55,1986-09-01 19:26:11,Fulfilled
231,19,20,66,Discover method,https://picsum.photos/640/480,Books,12,219.07,2628.84,1992-07-31 09:40:37,In Progress
232,4,46,31,Mother last score,https://dummyimage.com/640x480,Music,17,203.16,3453.72,2018-04-17 08:25:33,In Progress
233,12,20,99,Base store cold affect,https://placekitten.com/640/480,Fashion,9,365.3,3287.7000000000003,1978-03-22 10:12:38,Fulfilled
234,78,54,33,Risk value,https://dummyimage.com/640x480,Pharmacy,18,472.44,8503.92,1985-10-03 07:57:21,In Progress
235,76,58,44,Begin wear surface cup,https://placekitten.com/640/480,Basics,2,212.33,424.66,2016-12-15 22:21:35,Fulfilled
236,7,54,90,Eight sister party,https://dummyimage.com/640x480,Pharmacy,4,170.92,683.68,2018-04-02 16:49:12,In Progress
237,3,92,129,Rather although rest,https://dummyimage.com/640x480,Tech,8,142.8,1142.4,2002-12-15 17:57:03,In Progress
238,66,78,153,Whole performance,https://picsum.photos/640/480,Basics,13,121.43,1578.5900000000001,1986-06-18 01:49:31,Fulfilled
239,17,51,82,Official anything,https://placekitten.com/640/480,Fashion,13,76.6,995.8,2022-02-21 00:46:19,Fulfilled
240,68,90,27,Project boy some,https://picsum.photos/640/480,Basics,14,38.18,534.52,2022-03-15 18:41:21,In Progress
241,99,26,145,Mr manage fine type,https://placekitten.com/640/480,Groceries,17,149.25,2537.25,2009-08-06 17:27:04,Fulfilled
242,94,82,11,Democrat one could,https://picsum.photos/640/480,Pharmacy,20,477.11,9542.2,1997-07-27 05:16:08,In Progress
243,33,26,19,South up charge else,https://dummyimage.com/640x480,Pharmacy,19,446.02,8474.38,1996-06-14 05:54:31,Fulfilled
244,28,79,73,Country dinner,https://placekitten.com/640/480,Fashion,11,409.73,4507.030000000001,2020-12-30 11:21:27,Fulfilled
245,10,82,18,Letter at term spend,https://placekitten.com/640/480,Fashion,16,14.59,233.44,1985-01-01 19:30:01,Fulfilled
246,69,92,115,President leave particular,https://dummyimage.com/640x480,Fashion,4,427.09,1708.36,1989-12-17 11:58:28,In Progress
247,13,26,3,With teacher once style,https://dummyimage.com/640x480,Books,19,258.36,4908.84,2004-01-20 22:53:20,Fulfilled
248,90,82,100,Left provide rule man,https://dummyimage.com/640x480,Fashion,20,388.94,7778.8,2011-08-30 22:30:48,Fulfilled
249,31,53,155,Take large everything strong,https://picsum.photos/640/480,Books,15,81.49,1222.35,1992-11-13 14:17:22,Fulfilled
