0,0,26,Gary adores this seller!,5,11,1992-12-28 13:49:29
1,0,37,Gary hates this seller!,2,22,2009-06-25 13:19:57
2,1,64,Denise adores this seller!,5,34,2004-08-22 01:27:01
3,1,82,Denise could care less either way about this seller!,3,96,2022-08-28 08:03:45
4,2,20,Christina hates this seller!,2,24,1990-09-04 15:13:01
5,2,53,Christina adores this seller!,5,40,2017-06-11 04:10:22
6,3,37,Kathleen abhors this seller!,1,16,1972-08-18 01:27:23
7,3,74,Kathleen could care less either way about this seller!,3,13,1979-08-17 11:17:51
8,4,82,Timothy adores this seller!,5,69,2019-05-05 05:40:15
9,4,26,Timothy adores this seller!,5,78,2006-11-08 11:38:52
10,5,78,Dr. abhors this seller!,1,77,2018-08-05 07:40:24
11,5,58,Dr. could care less either way about this seller!,3,48,1994-04-15 10:24:22
12,6,28,John adores this seller!,5,37,2000-07-17 13:20:50
13,6,20,John hates this seller!,2,87,1993-07-03 19:42:16
14,7,26,Julie likes this seller!,4,97,1991-01-21 12:47:39
15,7,64,Julie abhors this seller!,1,19,2008-04-09 04:49:36
16,8,58,Ashley hates this seller!,2,21,2019-05-06 22:34:01
17,8,53,Ashley could care less either way about this seller!,3,66,2014-09-22 08:49:16
18,9,53,Christina could care less either way about this seller!,3,1,1979-08-17 07:28:04
19,9,79,Christina could care less either way about this seller!,3,87,1984-11-18 03:54:51
20,10,64,Leslie likes this seller!,4,90,2015-05-08 18:56:23
21,10,37,Leslie could care less either way about this seller!,3,46,2003-01-30 23:31:10
22,11,37,Amanda could care less either way about this seller!,3,98,1984-02-26 18:38:07
23,11,54,Amanda likes this seller!,4,19,1982-11-16 18:47:50
24,12,82,Kristen likes this seller!,4,31,2018-04-08 18:06:59
25,12,37,Kristen likes this seller!,4,33,1976-10-13 21:12:06
26,13,82,Mitchell hates this seller!,2,61,2022-12-22 21:57:12
27,13,1,Mitchell hates this seller!,2,45,2002-10-09 03:11:09
28,14,64,Katherine could care less either way about this seller!,3,62,2010-01-22 04:59:10
29,14,78,Katherine likes this seller!,4,62,2023-11-19 21:02:52
30,15,20,Jessica could care less either way about this seller!,3,74,2014-01-07 04:57:22
31,15,84,Jessica adores this seller!,5,8,1972-10-30 02:42:18
32,16,20,Gloria could care less either way about this seller!,3,11,2017-07-23 11:10:38
33,16,1,Gloria likes this seller!,4,82,2014-02-18 09:03:06
34,17,37,Miguel adores this seller!,5,7,1982-05-03 06:56:23
35,17,1,Miguel likes this seller!,4,77,1993-03-07 20:49:44
36,18,20,Kyle adores this seller!,5,26,1985-05-26 01:09:05
37,18,82,Kyle could care less either way about this seller!,3,60,1987-10-29 18:14:56
38,19,52,William abhors this seller!,1,41,1979-05-08 14:45:28
39,19,79,William adores this seller!,5,72,2012-07-17 17:16:32
40,20,37,Brett hates this seller!,2,61,1988-11-11 18:40:36
41,20,90,Brett hates this seller!,2,50,1979-02-10 01:59:29
42,21,64,Thomas could care less either way about this seller!,3,38,2000-02-27 06:15:06
43,21,1,Thomas could care less either way about this seller!,3,96,1974-08-26 22:53:32
44,22,79,Tina abhors this seller!,1,86,1984-08-17 23:27:26
45,22,26,Tina abhors this seller!,1,11,1974-01-30 18:49:55
46,23,54,Lauren could care less either way about this seller!,3,27,1979-01-02 21:42:19
47,23,1,Lauren hates this seller!,2,36,2018-11-13 13:58:36
48,24,92,Troy adores this seller!,5,57,2012-08-11 03:04:04
49,24,82,Troy hates this seller!,2,44,2021-09-25 00:24:44
50,25,79,William hates this seller!,2,4,2023-03-13 06:37:51
51,25,64,William adores this seller!,5,33,2021-11-24 15:26:43
52,26,37,Melissa adores this seller!,5,40,1989-02-15 12:33:51
53,26,78,Melissa abhors this seller!,1,12,1988-07-20 10:12:44
54,27,37,Amy likes this seller!,4,36,1971-11-16 20:41:55
55,27,90,Amy adores this seller!,5,87,1988-12-13 20:03:41
56,28,53,Joshua likes this seller!,4,53,2004-12-12 02:36:31
57,28,26,Joshua could care less either way about this seller!,3,24,1976-03-18 21:53:25
58,29,79,Zachary abhors this seller!,1,17,1973-04-23 07:07:42
59,29,84,Zachary abhors this seller!,1,75,2010-07-12 12:03:48
60,30,10,Kim likes this seller!,4,90,2007-10-26 00:05:01
61,30,52,Kim adores this seller!,5,8,1997-08-29 13:22:32
62,31,79,Kristin likes this seller!,4,70,1997-04-04 07:06:46
63,31,90,Kristin likes this seller!,4,46,2010-06-29 23:36:19
64,32,54,Eric likes this seller!,4,17,2009-11-13 05:11:03
65,32,10,Eric hates this seller!,2,38,2020-12-11 05:39:34
66,33,79,Daniel abhors this seller!,1,99,2003-07-05 14:20:51
67,33,20,Daniel abhors this seller!,1,40,1988-12-16 00:17:58
68,34,92,Brian abhors this seller!,1,0,2008-06-04 22:57:54
69,34,51,Brian likes this seller!,4,3,2014-05-24 05:58:09
70,35,53,Abigail adores this seller!,5,70,1999-10-26 10:17:23
71,35,78,Abigail likes this seller!,4,0,1977-05-01 09:42:51
72,36,1,Ashley abhors this seller!,1,58,1979-09-13 08:27:39
73,36,82,Ashley adores this seller!,5,84,1994-09-16 07:48:44
74,37,46,Edward adores this seller!,5,55,1988-06-24 11:15:56
75,37,20,Edward could care less either way about this seller!,3,43,2020-12-10 11:39:45
76,38,28,Chad abhors this seller!,1,98,2010-04-24 03:08:31
77,38,74,Chad abhors this seller!,1,43,2006-12-03 05:37:31
78,39,82,Dalton adores this seller!,5,79,2023-09-08 23:20:38
79,39,84,Dalton abhors this seller!,1,78,1979-09-17 14:47:36
80,40,1,Erica hates this seller!,2,73,1989-05-16 00:59:03
81,40,52,Erica likes this seller!,4,29,1987-02-02 08:32:09
82,41,92,Dawn hates this seller!,2,77,2014-04-23 21:14:20
83,41,78,Dawn adores this seller!,5,20,2010-10-25 10:43:28
84,42,10,Erica hates this seller!,2,47,1988-12-21 12:25:01
85,42,51,Erica could care less either way about this seller!,3,47,2002-03-20 19:17:43
86,43,46,Kenneth adores this seller!,5,38,1994-07-09 22:52:50
87,43,52,Kenneth hates this seller!,2,36,2002-10-08 20:21:24
88,44,53,Daniel likes this seller!,4,8,1998-06-11 23:59:31
89,44,28,Daniel likes this seller!,4,53,2003-10-22 09:10:18
90,45,37,Douglas likes this seller!,4,58,2008-10-08 01:26:45
91,45,74,Douglas adores this seller!,5,19,2006-06-10 07:27:03
92,46,58,David abhors this seller!,1,12,2019-06-04 02:20:20
93,46,1,David hates this seller!,2,51,2012-04-22 08:56:12
94,47,28,Christopher abhors this seller!,1,39,1990-08-05 21:31:12
95,47,74,Christopher adores this seller!,5,44,1980-12-17 05:43:14
96,48,53,Maria could care less either way about this seller!,3,82,1988-06-06 08:22:29
97,48,52,Maria adores this seller!,5,51,1990-01-28 21:45:51
98,49,37,Beverly hates this seller!,2,56,2004-10-16 02:45:26
99,49,10,Beverly could care less either way about this seller!,3,92,2005-11-17 20:53:41
100,50,53,Kristin hates this seller!,2,47,1974-11-27 06:56:15
101,50,82,Kristin abhors this seller!,1,55,1998-01-11 22:36:06
102,51,82,Scott hates this seller!,2,50,1995-08-05 18:13:05
103,51,10,Scott hates this seller!,2,32,2019-07-01 13:36:59
104,52,92,Perry abhors this seller!,1,0,2018-03-11 21:59:35
105,52,78,Perry hates this seller!,2,82,1982-11-25 15:38:49
106,53,84,David abhors this seller!,1,30,2005-04-01 16:48:21
107,53,37,David abhors this seller!,1,14,2020-12-22 22:07:27
108,54,28,Shannon likes this seller!,4,27,1977-09-29 20:42:18
109,54,64,Shannon hates this seller!,2,2,1971-08-23 03:21:59
110,55,53,Katherine hates this seller!,2,20,1994-02-14 15:22:24
111,55,28,Katherine abhors this seller!,1,84,2014-05-29 06:32:38
112,56,20,Elaine likes this seller!,4,77,2021-12-12 02:30:55
113,56,10,Elaine abhors this seller!,1,23,1984-05-26 22:19:07
114,57,1,Wayne hates this seller!,2,44,1988-10-25 17:42:33
115,57,46,Wayne likes this seller!,4,24,1973-05-23 23:18:57
116,58,52,Jennifer hates this seller!,2,74,2022-09-28 05:01:10
117,58,28,Jennifer adores this seller!,5,1,1995-01-01 21:26:08
118,59,46,Richard likes this seller!,4,83,1992-08-15 09:31:24
119,59,37,Richard could care less either way about this seller!,3,10,1992-04-29 15:41:45
120,60,79,Sean could care less either way about this seller!,3,28,2006-06-14 06:39:31
121,60,58,Sean abhors this seller!,1,92,1978-05-26 02:28:31
122,61,28,Billy hates this seller!,2,60,2002-05-24 09:05:46
123,61,1,Billy abhors this seller!,1,31,2012-03-07 16:46:54
124,62,46,Christopher could care less either way about this seller!,3,70,2004-12-28 10:02:10
125,62,54,Christopher could care less either way about this seller!,3,85,1983-02-07 13:44:07
126,63,51,Jeffrey adores this seller!,5,86,2004-09-15 18:45:49
127,63,28,Jeffrey abhors this seller!,1,49,1987-10-07 00:45:13
128,64,74,Chase could care less either way about this seller!,3,26,1984-01-25 06:53:47
129,64,58,Chase adores this seller!,5,45,2007-10-01 04:31:03
130,65,64,Matthew hates this seller!,2,13,2004-10-20 02:52:52
131,65,1,Matthew likes this seller!,4,94,1974-09-17 01:51:26
132,66,92,Tyler could care less either way about this seller!,3,91,2015-06-28 03:51:55
133,66,82,Tyler likes this seller!,4,85,1990-08-11 20:06:10
134,67,90,Matthew likes this seller!,4,88,1994-04-05 12:21:32
135,67,54,Matthew hates this seller!,2,96,1982-12-09 11:39:19
136,68,54,Sandra could care less either way about this seller!,3,78,1996-04-26 20:12:08
137,68,84,Sandra adores this seller!,5,79,1998-04-13 10:18:22
138,69,58,Matthew hates this seller!,2,61,1973-08-12 07:37:36
139,69,20,Matthew adores this seller!,5,61,2004-09-07 13:41:11
140,70,54,Jacob likes this seller!,4,86,1976-03-19 04:37:56
141,70,53,Jacob hates this seller!,2,40,2023-09-12 13:45:17
142,71,26,Shannon adores this seller!,5,84,2000-08-16 00:08:04
143,71,20,Shannon could care less either way about this seller!,3,39,2009-10-11 19:34:25
144,72,51,Jessica abhors this seller!,1,55,1979-11-16 22:11:11
145,72,26,Jessica abhors this seller!,1,92,1991-08-06 00:58:53
146,73,28,Keith could care less either way about this seller!,3,42,2007-07-06 23:10:22
147,73,82,Keith could care less either way about this seller!,3,43,2020-01-14 22:52:40
148,74,64,Lori could care less either way about this seller!,3,99,2003-12-03 07:39:39
149,74,10,Lori hates this seller!,2,79,2001-05-29 15:09:00
150,75,10,Patricia adores this seller!,5,27,1976-10-12 06:49:29
151,75,90,Patricia likes this seller!,4,77,1997-02-21 14:58:15
152,76,1,Alan could care less either way about this seller!,3,5,1974-10-19 09:59:00
153,76,51,Alan could care less either way about this seller!,3,73,1977-05-11 21:57:51
154,77,37,Jamie likes this seller!,4,37,1973-02-22 02:53:42
155,77,84,Jamie abhors this seller!,1,87,2014-12-04 12:40:53
156,78,51,Tracey could care less either way about this seller!,3,33,1998-03-22 22:03:11
157,78,46,Tracey likes this seller!,4,56,1971-09-14 06:25:12
158,79,82,John adores this seller!,5,20,2013-12-23 21:50:35
159,79,26,John adores this seller!,5,38,2015-01-02 17:55:42
160,80,79,Edward abhors this seller!,1,77,1974-03-26 08:36:18
161,80,74,Edward adores this seller!,5,60,2006-02-28 13:05:12
162,81,84,Sheri likes this seller!,4,91,1995-08-09 08:57:56
163,81,54,Sheri likes this seller!,4,73,2019-08-19 11:35:54
164,82,51,Deanna adores this seller!,5,12,1994-05-27 21:27:10
165,82,82,Deanna adores this seller!,5,74,2004-02-03 02:41:12
166,83,1,Larry abhors this seller!,1,88,1985-01-08 03:06:38
167,83,90,Larry abhors this seller!,1,49,1992-02-23 01:32:24
168,84,52,Kristina hates this seller!,2,28,2017-08-06 14:56:25
169,84,53,Kristina could care less either way about this seller!,3,38,1983-11-04 13:12:18
170,85,84,Shawn likes this seller!,4,64,1992-08-12 00:17:26
171,85,53,Shawn likes this seller!,4,90,2000-10-13 16:36:30
172,86,52,Leslie likes this seller!,4,68,1999-03-18 21:32:49
173,86,26,Leslie adores this seller!,5,60,2011-10-15 16:16:45
174,87,78,James likes this seller!,4,91,1987-09-21 09:57:57
175,87,20,James likes this seller!,4,62,1972-04-15 02:19:58
176,88,84,George could care less either way about this seller!,3,28,1994-03-02 19:29:34
177,88,51,George abhors this seller!,1,98,1970-09-20 11:45:49
178,89,26,Shawn hates this seller!,2,49,2021-06-15 15:58:04
179,89,64,Shawn hates this seller!,2,3,2014-06-04 17:31:42
180,90,52,David abhors this seller!,1,44,2019-02-05 01:56:30
181,90,64,David abhors this seller!,1,28,2002-07-01 21:26:21
182,91,46,Mark could care less either way about this seller!,3,96,1983-05-04 02:15:50
183,91,54,Mark hates this seller!,2,52,1980-10-07 18:56:20
184,92,78,Savannah adores this seller!,5,21,1982-08-27 02:30:52
185,92,58,Savannah hates this seller!,2,16,1996-05-21 17:55:55
186,93,26,Matthew could care less either way about this seller!,3,13,1995-05-20 23:53:48
187,93,1,Matthew hates this seller!,2,98,2000-06-01 17:58:07
188,94,26,Daniel abhors this seller!,1,30,2017-07-28 05:19:12
189,94,52,Daniel abhors this seller!,1,79,2005-11-23 13:37:23
190,95,51,Donald likes this seller!,4,1,2018-11-26 12:03:07
191,95,1,Donald hates this seller!,2,80,2004-05-18 01:25:00
192,96,10,Dr. adores this seller!,5,28,1977-12-06 23:05:31
193,96,20,Dr. could care less either way about this seller!,3,27,2009-08-19 20:00:23
194,97,64,Adrienne likes this seller!,4,32,1980-06-01 01:51:57
195,97,78,Adrienne hates this seller!,2,84,1986-01-19 15:12:11
196,98,37,Justin abhors this seller!,1,24,1977-11-28 15:19:12
197,98,1,Justin likes this seller!,4,38,1997-05-27 02:04:42
198,99,28,Michelle could care less either way about this seller!,3,50,1993-04-19 09:01:51
199,99,46,Michelle abhors this seller!,1,38,1995-09-11 17:16:49
